title_id,title,release_date
tt6673612,Dolittle,2020-01-17
tt4154796,Avengers: Endgame,2019-04-26
tt4154756,Avengers: Infinity War,2018-04-27
tt2250912,Spider-Man: Homecoming,2017-07-07
tt3799694,The Nice Guys,2016-05-20
tt3498820,Captain America: Civil War,2016-05-06
tt2395427,Avengers: Age of Ultron,2015-05-01
tt1872194,The Judge,2014-10-10
tt2883512,Chef,2014-05-30
tt1300854,Iron Man 3,2013-05-03
tt0848228,The Avengers,2012-05-04
tt1515091,Sherlock Holmes: A Game of Shadows,2011-12-16
tt1231583,Due Date,2010-11-05
tt1228705,Iron Man 2,2010-05-07
tt0988045,Sherlock Holmes,2009-12-25
tt0821642,The Soloist,2009-04-24
tt0942385,Tropic Thunder,2008-08-13
tt0800080,The Incredible Hulk,2008-06-13
tt0371746,Iron Man,2008-05-02
tt0423977,Charlie Bartlett,2008-02-22
tt0338216,Lucky You,2007-05-04
tt0443706,Zodiac,2007-03-02
tt0422295,Fur: An Imaginary Portrait of Diane Arbus,2006-09-01
tt0405296,A Scanner Darkly,2006-07-28
tt0393735,The Shaggy Dog,2006-03-10
tt0473488,A Guide to Recognizing Your Saints,2006-10-13
tt0182576,Family Guy,1999-01-31
tt0433383,"Good Night, and Good Luck.",2005-11-04
tt0373469,Kiss Kiss Bang Bang,2005-11-18
tt0425055,Game 6,2005-01
tt0343663,Eros,2005-04-08
tt0348836,Gothika,2003-11-21
tt0314676,The Singing Detective,2003-01-17
tt0118254,Ally McBeal,1997-09-08
tt0185014,Wonder Boys,2000-02-25
tt0165643,Black & White,2000-04-05
tt0131325,Bowfinger,1999-08-13
tt0143261,Friends & Lovers,1999-04-16
tt0120710,In Dreams,1999-01-15
tt0120873,U.S. Marshals,1998-03-06
tt0119196,The Gingerbread Man,1998-01-23
tt0119327,Hugo Pool,1997-12-12
tt0124179,Two Girls and a Guy,1997-10
tt0119832,One Night Stand,1997-11-14
tt0116016,Danger Zone,1996-08-02
tt0114272,Restoration,1996-02-02
tt0113321,Home for the Holidays,1995-11-03
tt0114279,Richard III,1995-12-29
tt0110737,Only You,1994-10-07
tt0110632,Natural Born Killers,1994-08-26
tt0109969,Hail Caesar,1994-05-11
tt0108122,Short Cuts,1993-10
tt0107091,Heart and Souls,1993-08-13
tt0103939,Chaplin,1993-01-08
tt0102951,Soapdish,1991-05-31
tt0103100,Too Much Sun,1991-01-25
tt0099005,Air America,1990-08-10
tt0097044,Chances Are,1989-03-10
tt0098524,True Believer,1989-02-17
tt0098464,That's Adequate,1990-01
tt0094594,1969,1988-11-18
tt0095409,Johnny Be Good,1988-03-25
tt0093407,Less Than Zero,1987-11-06
tt0095978,Rented Lips,1988-07-01
tt0093737,The Pick-up Artist,1987-09-18
tt0090629,America,1986-10
tt0090685,Back to School,1986-06-13
tt0072562,Saturday Night Live,1975-10-11
tt0090305,Weird Science,1985-08-02
tt0089208,Girls Just Want to Have Fun,1985-04-12
tt0090213,Tuff Turf,1985-01-11
tt0087263,Firstborn,1984-10-26
tt0085208,Baby It's You,1983-03-04
tt0081695,Up the Academy,1980-06-06
tt0068659,Greaser's Palace,1972-07-31
tt0066234,Pound,1970
tt8847712,The French Dispatch,2021-10-22
tt0385887,Motherless Brooklyn,2019-11-01
tt0437086,Alita: Battle Angel,2019-02-14
tt5846856,Ask the StoryBots,2016-08-12
tt5104604,Isle of Dogs,2018-04-13
tt4682786,Collateral Beauty,2016-12-16
tt1700841,Sausage Party,2016-08-12
tt4788934,The Guardian Brothers,2017-05-20
tt3530232,Last Week Tonight with John Oliver,2014-04-27
tt5786876,Nature Is Speaking,2014-10-05
tt2562232,Birdman or (The Unexpected Virtue of Ignorance),2014-11-14
tt2278388,The Grand Budapest Hotel,2014-03-28
tt0096697,The Simpsons,1989-12-17
tt1194173,The Bourne Legacy,2012-08-10
tt1748122,Moonrise Kingdom,2012-06-29
tt1645170,The Dictator,2012-05-16
tt1423995,Stone,2010-10-22
tt1442437,Modern Family,2009-09-23
tt1151359,Leaves of Grass,2010-09-17
tt1058017,The Invention of Lying,2009-10-02
tt0482572,Pride and Glory,2008-10-24
tt0446755,The Painted Veil,2007-01-19
tt0443543,The Illusionist,2006-09-01
tt0443409,Stella,2005-06-28
tt0398027,Down in the Valley,2005-06-16
tt0320661,Kingdom of Heaven,2005-05-06
tt0367479,After the Sunset,2004-11-12
tt0317740,The Italian Job,2003-05-30
tt0307901,25th Hour,2003-01-10
tt0289765,Red Dragon,2002-10-04
tt0120679,Frida,2002-11-22
tt0266452,Death to Smoochy,2002-03-29
tt0227445,The Score,2001-07-13
tt0171433,Keeping the Faith,2000-04-14
tt0137523,Fight Club,1999-10-15
tt0128442,Rounders,1998-09-11
tt0120586,American History X,1998-11-20
tt0117318,The People vs. Larry Flynt,1997-01-10
tt0116242,Everyone Says I Love You,1997-01-17
tt0117381,Primal Fear,1996-04-03
tt0012695,The Single Track,1921-11-13
tt10168312,What If...?,2021-08-11
tt9140554,Loki,2021-06-09
tt8936646,Extraction,2020-04-24
tt6521876,Jay and Silent Bob Reboot,2019-10-15
tt2283336,Men in Black: International,2019-06-14
tt6628394,Bad Times at the El Royale,2018-10-12
tt1413492,12 Strong,2018-01-19
tt3501632,Thor: Ragnarok,2017-11-03
tt1211837,Doctor Strange,2016-11-04
tt1289401,Ghostbusters,2016-07-15
tt2381991,The Huntsman: Winter's War,2016-04-22
tt1390411,In the Heart of the Sea,2015-12-11
tt1524930,Vacation,2015-07-29
tt2717822,Blackhat,2015-01-16
tt1981115,Thor: The Dark World,2013-11-08
tt1979320,Rush,2013-09-27
tt1234719,Red Dawn,2012-11-21
tt1735898,Snow White and the Huntsman,2012-06-01
tt1259521,The Cabin in the Woods,2012-04-13
tt0800369,Thor,2011-05-06
tt1106860,Ca$h,2010-03-26
tt0971209,A Perfect Getaway,2009-08-07
tt0796366,Star Trek,2009-05-08
tt0094481,Home and Away,1988-01-17
tt0380893,Fergus McPhail,2004-01-02
tt0278876,The Saddle Club,2001-01-06
tt0088580,Neighbours,2004-04-19
tt0316985,Guinevere Jones,2002-05-04
tt11286314,Don't Look Up,2021-12-24
tt6264654,Free Guy,2021-08-13
tt8946378,Knives Out,2019-11-27
tt4995776,The Red Sea Diving Resort,2019-07-31
tt4154664,Captain Marvel,2019-03-08
tt4481414,Gifted,2017-04-12
tt0478970,Ant-Man,2015-07-17
tt2139555,Playing It Cool,2015-05-08
tt0443465,Before We Go,2015-07-21
tt1843866,Captain America: The Winter Soldier,2014-04-04
tt1706620,Snowpiercer,2014-07-11
tt1491044,The Iceman,2012-09-01
tt0770703,What's Your Number?,2011-09-30
tt0458339,Captain America: The First Avenger,2011-07-22
tt1582248,Puncture,2011-04-21
tt0446029,Scott Pilgrim vs. the World,2010-08-13
tt0480255,The Losers,2010-04-23
tt0465580,Push,2009-02-06
tt0437745,Robot Chicken,2001-01-01
tt0896031,The Loss of a Teardrop Diamond,2009-10-10
tt0421073,Street Kings,2008-04-11
tt0858486,Battle for Terra,2009-05-01
tt0489237,The Nanny Diaries,2007-08-24
tt0486576,Fantastic 4: Rise of the Silver Surfer,2007-06-15
tt0448134,Sunshine,2007-07-27
tt0453556,TMNT,2007-03-23
tt0449061,London,2006-02-10
tt0120667,Fantastic Four,2005-07-08
tt0401420,Fierce People,2007-11-30
tt0337921,Cellular,2004-09-10
tt0314498,The Perfect Score,2004-01-30
tt0277371,Not Another Teen Movie,2001-12-14
tt0247081,Boston Public,2000-10-23
tt0247097,The Fugitive,2000-10-06
tt0221431,The Newcomers,2000-10-01
tt0202513,Opposite Sex,2000-07-17
tt9777666,The Tomorrow War,2021-07-02
tt7146812,Onward,2020-03-06
tt4975920,The Kid,2019-03-08
tt3513498,The Lego Movie 2: The Second Part,2019-02-08
tt4881806,Jurassic World: Fallen Kingdom,2018-06-22
tt3896198,Guardians of the Galaxy Vol. 2,2017-05-05
tt2660806,Mom,2013-09-23
tt1355644,Passengers,2016-12-21
tt2404435,The Magnificent Seven,2016-09-23
tt3614530,Jem and the Holograms,2015-10-23
tt9881938,Saturday Night Live: Cut for Time,2014
tt0369610,Jurassic World,2015-06-12
tt1266020,Parks and Recreation,2009-04-09
tt2015381,Guardians of the Galaxy,2014-08-01
tt1490017,The Lego Movie,2014-02-07
tt2387559,Delivery Man,2013-11-22
tt1798709,Her,2014-01-10
tt1333125,Movie 43,2013-01-25
tt1790885,Zero Dark Thirty,2013-01-11
tt1195478,The Five-Year Engagement,2012-04-27
tt2138881,Parks and Recreation: Road Trip,2011-11-03
tt1715873,10 Years,2012-10-05
tt1210166,Moneyball,2011-09-23
tt1622696,Ben 10: Ultimate Alien,2010-04-23
tt0810922,Take Me Home Tonight,2011-03-04
tt1131734,Jennifer's Body,2009-09-18
tt1078885,Deep in the Valley,2009-10
tt0901476,Bride Wars,2009-01-09
tt0493464,Wanted,2008-06-27
tt0800268,Wieners,2008-06-03
tt0398417,The Batman,2004-09-11
tt0462601,Walk the Talk,2007-06-15
tt0362359,The O.C.,2003-08-05
tt0318883,Everwood,2002-09-16
tt0369994,Strangers with Candy,2006-07-21
tt0295249,The Extreme Team,2003-02
tt0250157,The Huntress,2000-03-07
tt4575576,Christopher Robin,2018-08-03
tt0495158,Motorcycle,2006-01-20
tt14155746,Toast of Tinseltown,2022-01-04
tt11947248,The Shrink Next Door,2021-11-12
tt15977708,Saturday Morning All Star Hits!,2021-12-10
tt4513678,Ghostbusters: Afterlife,2021-11-19
tt7552590,At Home with Amy Sedaris,2017-10-24
tt1637574,Conan,2010-11-08
tt8880894,Living with Yourself,2019-10-18
tt9398640,Between Two Ferns: The Movie,2019-09-20
tt5095030,Ant-Man and the Wasp,2018-07-06
tt3501584,iZombie,2015-03-17
tt1464763,Mute,2018-02-23
tt5460880,Ideal Home,2018-06-07
tt4602066,The Catcher Was a Spy,2018-06-22
tt5829040,Fun Mom Dinner,2017-08-04
tt5507340,Nightcap,2016-11-16
tt1561755,Bob's Burgers,2011-01-09
tt5574372,Nerdland,2016-04-14
tt2452386,The Fundamentals of Caring,2016-06-24
tt5176266,"Neon Joe, Werewolf Hunter",2015-12-07
tt5296048,WHIH News Front,2015-07-02
tt1754656,The Little Prince,2016-08-05
tt2319283,Moone Boy,2012-09-14
tt2380303,TripTank,2014-04-02
tt2398249,They Came Together,2014-01-24
tt2496468,The Greatest Event in Television History,2012-10-11
tt5877444,Above Average Presents,2012-06-01
tt15302174,Children's Hospital: Inside Pediatrics,2014-01-01
tt3466546,Hudson Valley Ballers,2013-12-17
tt1229340,Anchorman 2: The Legend Continues,2013-12-18
tt1245492,This Is the End,2013-06-12
tt1462901,All Is Bright,2013-09-10
tt2292621,Burning Love,2012-06-04
tt1814621,Admission,2013-03-22
tt2195548,Prince Avalanche,2013-01-20
tt1758830,This Is 40,2012-12-21
tt1492966,Louie,2010-06-29
tt1659337,The Perks of Being a Wallflower,2012-10-12
tt1655460,Wanderlust,2012-02-24
tt1637706,Our Idiot Brother,2011-08-26
tt1341188,How Do You Know,2010-12-17
tt0427152,Dinner for Schmucks,2010-07-30
tt0912343,"Tim and Eric Awesome Show, Great Job!",2007-02-11
tt1045778,Year One,2009-06-19
tt1155056,"I Love You, Man",2009-03-20
tt0892782,Monsters vs. Aliens,2009-03-27
tt1299729,Delocated,2009-02-12
tt1137992,Wainy Days,2007-07-30
tt0430922,Role Models,2008-11-07
tt0936458,Little Britain USA,2008-09-28
tt0800039,Forgetting Sarah Marshall,2008-04-18
tt0785007,Over Her Dead Body,2008-02-01
tt0804423,The Naked Trucker and T-Bones Show,2007-01-17
tt0841046,Walk Hard: The Dewey Cox Story,2007-12-21
tt0466839,I Could Never Be Your Woman,2007-06-15
tt0412253,Veronica Mars,2004-09-22
tt0370194,Reno 911!,2003-07-23
tt0478311,Knocked Up,2007-06-01
tt0499554,Reno 911! Miami,2007-02-23
tt0811106,The Ten,2007-01-19
tt0477347,Night at the Museum,2006-12-22
tt0458364,The Ex,2007-05-11
tt0469897,Diggers,2007-03-30
tt0397769,Cheap Seats: Without Ron Parker,2004-02-04
tt0422861,The Oh in Ohio,2006-03
tt0405422,The 40-Year-Old Virgin,2005-08-19
tt0115147,The Daily Show,1996-07-22
tt0401244,The Baxter,2005-04-24
tt0413356,"Tennis, Anyone...?",2006-01-01
tt0380609,P.S.,2004-09-03
tt0357413,Anchorman: The Legend of Ron Burgundy,2004-07-09
tt0108778,Friends,1994-09-22
tt0320668,Two Days,1400-01-01
tt0308878,The Shape of Things,2003-05-16
tt0210939,Reaching Normal,2001-06-29
tt0283288,The Château,2001-01-27
tt0243655,Wet Hot American Summer,2001-01-23
tt0251094,Gen-Y Cops,2002-02-23
tt0247086,Deadline,2000-10-02
tt0194624,Strangers with Candy,1999-04-07
tt0124315,The Cider House Rules,2000-01-07
tt0137338,200 Cigarettes,1999-02-26
tt0120772,The Object of My Affection,1998-04-17
tt0119557,The Locusts,1997-10-03
tt0115137,Clueless,1996-09-20
tt0117509,Romeo + Juliet,1996-11-01
tt0117660,The Size of Watermelons,1997-01-17
tt0113253,Halloween: The Curse of Michael Myers,1995-09-29
tt0101199,Sisters,1991-05-11
tt0112697,Clueless,1995-07-19
tt0108990,Wild Oats,1994-09-04
tt0108902,Rebel Highway,1994-07-07
tt19414282,"Between Two Ferns: The Movie, Sorta Uncut Interviews",2020-08-21
tt0088571,Moonlighting,1985-03-03
tt0086765,"Murder, She Wrote",1984-09-30
tt0074042,Quincy M.E.,1976-10-03
tt0078622,Hart to Hart,1979-08-25
tt0078638,Knots Landing,1979-12-27
tt0214361,Once Upon a Classic,1400-01-01
tt0077228,The Betsy,1978-02-09
tt0072474,Beacon Hill,1975-08-25
tt10872600,Spider-Man: No Way Home,2021-12-17
tt10687506,The Electrical Life of Louis Wain,2021-11-05
tt10293406,The Power of the Dog,2021-12-01
tt4761112,The Mauritanian,2021-03-02
tt8368512,The Courier,2021-03-19
tt8579674,1917,2020-01-10
tt1869454,Good Omens,2019-05-31
tt2388771,Mowgli: Legend of the Jungle,2018-12-07
tt2709692,The Grinch,2018-11-09
tt2140507,The Current War: Director's Cut,2019-10-25
tt1475582,Sherlock,2010-10-24
tt2262456,The Hollow Crown,2013-09-20
tt1608290,Zoolander 2,2016-02-12
tt4476736,Hamlet,2015-10-15
tt1355683,Black Mass,2015-09-18
tt2310332,The Hobbit: The Battle of the Five Armies,2014-12-17
tt1911658,Penguins of Madagascar,2014-11-26
tt2084970,The Imitation Game,2014-12-25
tt1170358,The Hobbit: The Desolation of Smaug,2013-12-13
tt1322269,August: Osage County,2014-01-10
tt1837703,The Fifth Estate,2013-10-18
tt2024544,12 Years a Slave,2013-11-08
tt1408101,Star Trek Into Darkness,2013-05-16
tt0903624,The Hobbit: An Unexpected Journey,2012-12-14
tt2315588,Girlfriend in a Coma,1400-01-01
tt1650028,Wreckers,2011-12-16
tt1568911,War Horse,2011-12-25
tt1340800,Tinker Tailor Soldier Spy,2012-01-06
tt1564623,Curiosity,2011-08-07
tt1795369,Frankenstein,2011-03-17
tt0896872,The Whistleblower,2011-01-08
tt1510906,Third Star,2011-06-25
tt1341167,Four Lions,2010-01-23
tt0974014,Creation,2010-01-22
tt8120464,Theatre Live!,2009
tt1067104,Burlesque Fairytales,2009-06-07
tt1734537,Agatha Christie's Marple,2005-04-17
tt0467200,The Other Boleyn Girl,2008-02-29
tt0783233,Atonement,2008-01-11
tt0454776,Amazing Grace,2007-02-23
tt0477095,Starter for 10,2007-03-09
tt0101114,Heartbeat,1992-04-10
tt0370139,Fortysomething,2003-06-29
tt0160904,MI-5,2003-07-22
tt0302436,To Kill a King,2003
tt0115355,Silent Witness,1996-02-21
tt1464335,Uncharted,2022-02-18
tt15450042,The Daily Bugle,2019-10
tt7097896,Venom: Let There Be Carnage,2021-10-01
tt9130508,Cherry,2021-03-12
tt2076822,Chaos Walking,2021-03-05
tt7395114,The Devil All the Time,2020-09-10
tt5814534,Spies in Disguise,2019-12-25
tt6320628,Spider-Man: Far from Home,2019-07-02
tt3531202,Pilgrimage,2017-08-11
tt1212428,The Lost City of Z,2017-04-21
tt4526546,Edge of Winter,2016-08-02
tt4085696,Billy Elliot,2014-11-12
tt1894476,How I Live Now,2013-10-15
tt2692904,Locke,2014-01-17
tt1649419,The Impossible,2013-01-04
tt1568921,The Secret World of Arrietty,2012-02-17
tt11427816,The Blue Racer,1972-07-03
tt0063939,The Pink Panther Show,1969-09-06
tt0153094,Tijuana Toads,1969-08-06
tt0056788,Temple Houston,1963-09-19
tt0050025,Have Gun - Will Travel,1957-09-14
tt0053481,The Aquanauts,1960-09-14
tt0053521,Michael Shayne,1960-09-30
tt0044259,Death Valley Days,1952-03-06
tt0051301,Peter Gunn,1958-09-22
tt0047736,Gunsmoke,1955-09-10
tt0051324,U.S. Marshal,1958-10-11
tt0052449,Black Saddle,1959-01-10
tt0051290,Lawman,1958-10-05
tt0048916,Zane Grey Theatre,1956-10-05
tt0048903,Telephone Time,1956-04-08
tt0050069,Tombstone Territory,1957-10-16
tt0047739,Highway Patrol,1955-09
tt0050047,Official Detective,1957
tt0041007,The Big Story,1949-09-16
tt0042141,Robert Montgomery Presents,1950-01-30
tt0046590,Crown Theatre with Gloria Swanson,1400-01-01
tt0043228,Schlitz Playhouse,1951-10-05
tt0042093,The Cisco Kid,1950-03-06
tt0041532,The Judge,1949-01-31
tt0037419,The Unwritten Code,1944-10-26
tt0037466,Wing and a Prayer,1944-07-28
tt0037411,U-Boat Prisoner,1944-07-25
tt1600194,Hawaii Five-0,2010-09-20
tt10514222,Ma Rainey's Black Bottom,2020-12-18
tt9777644,Da 5 Bloods,2020-06-12
tt8688634,21 Bridges,2019-11-22
tt1825683,Black Panther,2018-02-16
tt5301662,Marshall,2017-10-13
tt1712192,Message from the King,2017-08-04
tt2404233,Gods of Egypt,2016-02-26
tt2473602,Get on Up,2014-08-01
tt2223990,Draft Day,2014-04-11
tt0453562,42,2013-04-12
tt1727373,The Kill Hole,2012-08-28
tt1119644,Fringe,2008-09-09
tt1489428,Justified,2010-03-16
tt1578258,Detroit 1-8-7,2010-09-21
tt1219024,Castle,2009
tt1552112,The Glades,2010-07-11
tt1333050,Persons Unknown,2010-06-07
tt0775374,Lincoln Heights,2006
tt1235099,Lie to Me,2009-01-21
tt0368479,Cold Case,2003-09-28
tt0108757,ER,1994-09-19
tt0469903,The Express,2008-10-10
tt0395843,CSI: NY,2004-09-22
tt0098844,Law & Order,1990-09-13
tt0197182,Third Watch,1999-09-23
tt0065272,All My Children,1970-01-05
tt9893350,Lindsey Reiser Reports,1400-01-01
tt9376612,Shang-Chi and the Legend of the Ten Rings,2021-09-03
tt4916630,Just Mercy,2020-01-10
tt1131728,Basmati Blues,2018-02-09
tt2338454,Unicorn Store,2019-04-05
tt2378507,The Glass Castle,2017-08-11
tt3731562,Kong: Skull Island,2017-03-10
tt4158096,Free Fire,2017-04-21
tt3170832,Room,2016-01-22
tt3152624,Trainwreck,2015-07-17
tt3704416,Digging for Fire,2015-08-21
tt2039393,The Gambler,2014-12-25
tt1439629,Community,2009-09-17
tt1981538,Kroll Show,2013-01-16
tt2370248,Short Term 12,2013-08-23
tt2229499,Don Jon,2013-09-27
tt1714206,The Spectacular Now,2013-09-13
tt1783495,NTSF:SD:SUV,2011-07-21
tt1232829,21 Jump Street,2012-03-16
tt1480684,The League,2009-10-29
tt1754786,Treatment,2011
tt1640548,Rampart,2011-11-23
tt1001482,United States of Tara,2009-01-18
tt1483756,The Trouble with Bliss,2012-03-23
tt1054631,House Broken,2010-03-30
tt1234654,Greenberg,2010-03-26
tt0843641,The Burg,2006-06-26
tt1151410,Tanner Hall,2009-10-09
tt1230387,Just Peck,2009
tt0460644,Ghost Whisperer,2005-09-23
tt0790618,Remember the Daze,2007-06
tt0488539,Farce of the Penguins,2006
tt0366025,Hope & Faith,2003-09-26
tt0453494,Hoot,2006-05-05
tt0368975,Sleepover,2004-07-09
tt0337563,13 Going on 30,2004-04-23
tt0285397,Raising Dad,2001-09-14
tt0206113,Madison,2001-01-23
tt0202748,Popular,1999-09-29
tt0108968,Touched by an Angel,1994-09-21
tt0144071,To Have & to Hold,1998-09-30
tt0103569,The Tonight Show with Jay Leno,1992-05-25
tt0202766,Then Came You,2000-03-22
tt6467266,Sing 2,2021-12-22
tt3480822,Black Widow,2021-07-09
tt2584384,Jojo Rabbit,2019-11-08
tt7653254,Marriage Story,2019-12-06
tt4799050,Rough Night,2017-06-16
tt1219827,Ghost in the Shell,2017-03-31
tt3470600,Sing,2016-12-21
tt3040964,The Jungle Book,2016-04-15
tt0475290,"Hail, Caesar!",2016-02-05
tt2872732,Lucy,2014-07-25
tt3453566,HitRECord on TV,2014-01-06
tt1441395,Under the Skin,2013-08-29
tt0975645,Hitchcock,2012-12-14
tt1389137,We Bought a Zoo,2011-12-23
tt1001508,He's Just Not That Into You,2009-02-06
tt0831887,The Spirit,2008-12-25
tt0497465,Vicky Cristina Barcelona,2008-08-15
tt0482571,The Prestige,2006-10-20
tt0387877,The Black Dahlia,2006-09-15
tt0457513,Scoop,2006-07-28
tt0399201,The Island,2005-07-22
tt0416320,Match Point,2006-01-20
tt0385267,In Good Company,2005-01-14
tt0345950,The SpongeBob SquarePants Movie,2004-11-19
tt0379306,A Good Woman,2006-02-03
tt0387199,Entourage,2004-07-18
tt0369672,A Love Song for Bobby Long,2005-01-21
tt0335119,Girl with a Pearl Earring,2004-01-30
tt0335266,Lost in Translation,2003-10-03
tt0271367,Eight Legged Freaks,2002-07-17
tt0221799,An American Rhapsody,2001-06-20
tt0162346,Ghost World,2001-09-21
tt0243133,The Man Who Wasn't There,2001-11-16
tt0165396,My Brother the Pig,1999-09-10
tt0119314,The Horse Whisperer,1998-05-15
tt0119303,Home Alone 3,1997-12-12
tt0119098,Fall,1997-06-20
tt0116606,If Lucy Fell,1996-03-08
tt0116985,Manny & Lo,1996-07-26
tt0111924,The Client,1995-09-17
tt0113501,Just Cause,1995-02-17
tt0110687,North,1994-07-22
tt0106052,Late Night with Conan O'Brien,1993-09-13
tt14837960,Bright: Samurai Soul,2021-10-12
tt13622982,Star Wars: Visions,2021-09-22
tt6881158,Corner Gas Animated,2018
tt5912064,Kim's Convenience,2016-10-11
tt9024096,Women Is Losers,2021-10-18
tt8494614,Awkwafina Is Nora from Queens,2020-01-22
tt3551096,Fresh Off the Boat,2015-02-04
tt8793122,An Awkward Girl Dates,2018-06-19
tt3230854,The Expanse,2015-11-23
tt6423364,Bad Blood,2018-12-07
tt4667888,Slasher,2016-03-04
tt4159076,Dark Matter,2015-06-12
tt2234222,Orphan Black,2013-03-30
tt5052460,Taken,2017-02-27
tt5356180,Neon Nights: Rise of the Triad Underworld,1400-01-01
tt4474750,Blood and Water,2015
tt4004084,Antisocial 2,2018-06-22
tt2193041,Beauty and the Beast,2012-10-11
tt4502154,Make It Pop,2015-03-26
tt0386950,Air Crash Investigation,2003-09-03
tt1132290,Warehouse 13,2009-07-07
tt1826332,Out with Dad,2010-07-08
tt3020520,Bike Cop: Begins,1400-01-01
tt2886812,Played,2013-10-03
tt2707762,Kung Fu Cops,2013-09-01
tt2492720,Omega,2013-03-01
tt1592154,Nikita,2010-09-09
tt9032400,Eternals,2021-11-05
tt5109280,Raya and the Last Dragon,2021-03-05
tt10808832,Let Them All Talk,2020-12-10
tt3138604,Thunderbirds Are Go,2016-04-15
tt6341086,Intrigo: Dear Agnes,2019-10-10
tt9165134,I Am...,2019-07-23
tt2328900,Mary Queen of Scots,2018-12-21
tt1273221,London Fields,2018-10-26
tt3104988,Crazy Rich Asians,2018-08-15
tt4122068,Humans,2015-06-28
tt3371366,Transformers: The Last Knight,2017-06-21
tt3567666,Stratton,2018-01-05
tt3183660,Fantastic Beasts and Where to Find Them,2016-11-18
tt3613648,Families,2015-10-14
tt4732076,Brotherhood,2015-06-02
tt1205537,Jack Ryan: Shadow Recruit,2014-01-17
tt1825157,The Double,2014-03-24
tt2964118,Dates,2013-06-10
tt2396135,Shetland,2013-03-10
tt1888075,Death in Paradise,2011-10-25
tt1822448,Bedlam,2011-10-01
tt2058303,Fresh Meat,2011-09-21
tt1000734,Secret Diary of a Call Girl,2008-06-16
tt1440292,Submarine,2011-01
tt0487831,The IT Crowd,2006-02-03
tt1092634,Shanghai,2015-10-02
tt1460643,Pimp,2010-05-21
tt0436992,Doctor Who,2006-03-17
tt1258197,Exam,2010-02-06
tt7971476,The Politician,2019-09-27
tt16711524,CNBC's Trailblazers,2017
tt3045616,Mortdecai,2015-01-23
tt1930123,Web Therapy,2011-07-19
tt1327801,Glee,2009-05-19
tt1932718,Thanks for Sharing,2013-09-20
tt2087571,The New Normal,2012-08-29
tt1598778,Contagion,2011-09-09
tt1555064,Country Strong,2011-01-07
tt1103275,Two Lovers,2009-03-20
tt0484111,The Good Night,2007-01-25
tt0439289,Running with Scissors,2006-10-27
tt0452643,Love and Other Disasters,2008-06-17
tt0420609,Infamous,2006-10-13
tt0377107,Proof,2005-10-07
tt0346156,Sky Captain and the World of Tomorrow,2004-09-17
tt0325055,Sylvia,2003-10-31
tt0264150,View from the Top,2003-03-21
tt0256276,Possession,2002-08-30
tt0295178,Austin Powers in Goldmember,2002-07-26
tt0256380,Shallow Hal,2001-11-09
tt0265666,The Royal Tenenbaums,2002-01-04
tt0254099,The Anniversary Party,2001-06-29
tt0186894,Bounce,2000-11-17
tt0134630,Duets,2000-09-15
tt0210413,Clerks,2000-05-31
tt0134119,The Talented Mr. Ripley,1999-12-25
tt0120655,Dogma,1999-11-12
tt0138097,Shakespeare in Love,1999-01-08
tt0118744,Hush,1998-03-06
tt0120787,A Perfect Murder,1998-06-05
tt0119223,Great Expectations,1998-01-30
tt0120148,Sliding Doors,1998-05-01
tt0116191,Emma,1996-08-30
tt0117283,The Pallbearer,1996-05-03
tt0119256,Hard Eight,1997-02-28
tt0113851,Moonlight and Valentino,1995-09-29
tt0114369,Se7en,1995-09-22
tt0113463,Jefferson in Paris,1995-03-31
tt0113305,Higher Learning,1995-01-11
tt0110588,Mrs. Parker and the Vicious Circle,1994-11-23
tt0106926,Flesh and Bone,1993-11-05
tt0107497,Malice,1993-10-01
tt0102057,Hook,1991-12-11
tt0102913,Shout,1991-10-04
tt10756954,Alantown,2021
tt13575806,Back to the Outback,2021-12-10
tt7335008,Poor Boy,2021
tt8545482,Zone 414,2021-09-03
tt4905554,Jack Irish,2017-01-12
tt0499097,Without Remorse,2021-04-30
tt11263022,The Seventh Day,2021-03-26
tt1634106,Bloodshot,2020-03-13
tt5717194,Disturbing the Peace,2020-01-17
tt8337320,The Last Vermeer,2020-11-20
tt3282076,Domino,2019-05-31
tt8021824,The Innocents,2018-08-24
tt5616294,Spinning Man,2018-04-06
tt5473090,Swinging Safari,2019-06-21
tt2316204,Alien: Covenant,2017-05-19
tt1895315,Brimstone,2017-01-07
tt1703957,Genius,2016-06-10
tt5260254,The Wizards of Aus,2016-01
tt3289728,Equals,2016-05-26
tt3671542,Holding the Man,2016-06-10
tt3824412,Results,2015-05-29
tt2345737,The Rover,2014-06-20
tt2715776,Sean Saves the World,2013-10-03
tt2463512,Hateship Loveship,2014-04-11
tt1999987,Breathe In,2013-01-19
tt1212450,Lawless,2012-08-29
tt1446714,Prometheus,2012-06-08
tt1592525,Lockout,2012-04-13
tt1214962,Seeking Justice,2012-03-16
tt1704161,33 Postcards,2013-04-15
tt1270761,Don't Be Afraid of the Dark,2011-08-26
tt1504320,The King's Speech,2010-12-25
tt1313092,Animal Kingdom,2010-01-22
tt0898367,The Road,2009-11-25
tt0995851,In Her Skin,2011-02-09
tt0960731,Bedtime Stories,2008-12-25
tt0887912,The Hurt Locker,2009-07-31
tt0988047,Traitor,2008-08-27
tt0948547,Winged Creatures,2008-06-24
tt0472071,Death Defying Acts,2008-07-11
tt0432402,Factory Girl,2007-02-16
tt0432289,First Snow,2007-03-23
tt0421238,The Proposition,2006-06-09
tt0338512,Two Brothers,2004-06-25
tt0240980,Till Human Voices Wake Us,2003-02-21
tt0280490,The Hard Word,2003-06-27
tt0268695,The Time Machine,2002-03-08
tt0245844,The Count of Monte Cristo,2002-01-25
tt0209144,Memento,2001-05-25
tt0160797,Rules of Engagement,2000-04-07
tt0162662,A Slipping-Down Life,1999-01-22
tt0129332,Ravenous,1999-03-19
tt0144018,Woundings,1998-10-09
tt2329424,Halifax f.p.,1994-10-09
tt0119488,L.A. Confidential,1997-09-19
tt0106136,Snowy River: The McGregor Saga,2000-03-27
tt0116036,Dating the Enemy,1996-09-19
tt0109045,"The Adventures of Priscilla, Queen of the Desert",1994-08-10
tt0116330,My Forgotten Man,1400-01-01
tt0101051,Bony,1992-08-15
tt0103468,The Late Show,1992-07-18
tt0098771,Col'n Carpenter,1990-02-11
tt0102076,Hunting,1991-11
tt0099752,Heaven Tonight,1990-11-22
tt6442686,WarHunt,2022-01-21
tt12689248,The Commando,2022-01-07
tt6060964,Man of God,2022-03-21
tt11799110,Take Back,2021-06-18
tt9392374,Girl,2020-11-20
tt8318284,The Legion,2020-05-08
tt8597594,Adverse,2021-02-12
tt4205896,Night Walk,2021-06-15
tt2275743,"Berlin, I Love You",2019-02-08
tt4224754,Tiger,2018-10-11
tt7349910,Nightmare Cinema,2018-11-29
tt4688512,Dice,2016-04-10
tt4776564,WEAPONiZED,2016-03-01
tt3120960,Skin Traffik,2015-10-13
tt3520290,Blunt Force Trauma,2015-07-20
tt3779300,War Pigs,2015-09-18
tt3774466,Ashby,2015-09-25
tt0458481,Sin City: A Dame to Kill For,2014-08-22
tt2083231,Java Heat,2013-04
tt2147225,Black November,2015-01-09
tt0995845,The Courier,2013-06-08
tt1253864,Immortals,2011-11-11
tt1396221,Passion Play,2011-05-06
tt1320253,The Expendables,2010-08-13
tt0798817,13,2010-03-13
tt0443559,Killshot,2009-01-23
tt0865554,The Informers,2009-04-24
tt1125849,The Wrestler,2009-01-30
tt0457495,Stormbreaker,2006-10-13
tt0421054,Domino,2005-10-14
tt0401792,Sin City,2005-04-01
tt0328107,Man on Fire,2004-04-23
tt0285823,Once Upon a Time in Mexico,2003-09-12
tt0319829,Masked and Anonymous,2003-01-22
tt0283003,Spun,2002-06
tt0263215,Picture Claire,2003-08-14
tt0299712,They Crawl,1400-01-01
tt0237572,The Pledge,2001-01-19
tt0208988,Get Carter,2000-10-06
tt0204137,Animal Factory,2000-01-24
tt0139606,Shades,1999-10-15
tt0121744,Shergar,1999-06
tt0175997,Out in Fifty,1999-06-22
tt0124901,Thursday,1998-11-13
tt0175047,Point Blank,1998-12-15
tt0118789,Buffalo '66,1998-06-26
tt0119978,The Rainmaker,1997-11-21
tt0119576,Another 9½ Weeks,1997-11-04
tt0119013,Double Team,1997-04-04
tt0116257,Exit in Red,1997-08-12
tt0115781,Bullet,1996-10
tt0113014,Fall Time,1995-01
tt0109765,F.T.W.,1994-06-17
tt0105813,White Sands,1992-04-24
tt0102005,Harley Davidson and the Marlboro Man,1991-08-23
tt0099409,Desperate Hours,1990-10-05
tt0100934,Wild Orchid,1990-04-27
tt0097626,Johnny Handsome,1989-09-29
tt0097383,Francesco,2005-04-05
tt0095316,Homeboy,1988-09-15
tt0092618,Barfly,1987-10-16
tt0093771,A Prayer for the Dying,1987-09-11
tt0092563,Angel Heart,1987-03-06
tt0091635,9½ Weeks,1986-02-21
tt0090350,Year of the Dragon,1985-08-16
tt0087932,The Pope of Greenwich Village,1984-06-22
tt0086216,Rumble Fish,1983-10-21
tt0083906,Eureka,1984-10-05
tt0083833,Diner,1982-05-21
tt0082089,Body Heat,1981-08-28
tt0080855,Heaven's Gate,1981-04-24
tt0080711,Fade to Black,1980-10-14
tt0078723,1941,1979-12-14
tt10323338,9-1-1: Lone Star,2020-01-19
tt2935510,Ad Astra,2019-09-20
tt5761478,Harlots,2017-03-29
tt5085924,Wildling,2018-04-13
tt2699128,The Leftovers,2014-06-29
tt2369317,Space Station 76,2014-03-08
tt2381046,Jamie Marks Is Dead,2014-01-19
tt1990314,Robot & Frank,2012-01-20
tt1535970,The Ledge,2011-01-21
tt1512235,Super,2011-04-01
tt0482606,The Strangers,2008-05-30
tt0867591,Smother,2008-09-26
tt0490204,Reign Over Me,2007-03-23
tt0385056,Lonesome Jim,2005-01-22
tt0300051,Jersey Girl,2004-03-26
tt0167260,The Lord of the Rings: The Return of the King,2003-12-17
tt0167261,The Lord of the Rings: The Two Towers,2002-12-18
tt0120737,The Lord of the Rings: The Fellowship of the Ring,2001-12-19
tt0203755,One Night at McCool's,2001-04-27
tt0205271,Dr. T & the Women,2000-10-13
tt0119079,Onegin,1999-12-17
tt0134033,Plunkett & Macleane,1999-10-01
tt0126250,Cookie's Fortune,1999-04-16
tt0120591,Armageddon,1998-07-01
tt0120399,U Turn,1997-10-03
tt0119381,Inventing the Abbotts,1997-04-04
tt0117887,That Thing You Do!,1996-10-04
tt0117737,Stealing Beauty,1996-06-14
tt0112950,Empire Records,1995-10-20
tt0113280,Heavy,1996-06-05
tt0111187,Silent Fall,1994-10-28
tt4701724,Early Man,2018-02-16
tt1734135,Trollhunters: Tales of Arcadia,2016-12-23
tt2554274,Crimson Peak,2015-10-16
tt0462335,High-Rise,2016-04-28
tt1490785,I Saw the Light,2016-04-01
tt2281587,Muppets Most Wanted,2014-03-21
tt3313066,Coriolanus,2014-01-30
tt2436452,Exhibition,2013-10-08
tt1714915,Only Lovers Left Alive,2013-10-10
tt1700844,The Deep Blue Sea,2011-10-21
tt1605783,Midnight in Paris,2011-06-10
tt1527835,Archipelago,2014-06-27
tt1178618,Wallander,2009-05-10
tt0974077,Cranford,2008-05-04
tt1107850,Unrelated,2008-02-20
tt0483862,Suburban Shootout,2006-03-22
tt0096555,Casualty,1998-09-28
tt0918370,Victoria Cross Heroes,2006-11-19
tt0295863,Armadillo,2002-08-03
tt0159876,Great Performances,1972-11-04
tt14412034,Where Are You,1400-01-01
tt4136456,The Virtuoso,2021-04-30
tt8879940,Mythic Quest,2020-02-07
tt9098562,Elyse,2020-12-04
tt10272386,The Father,2021-02-26
tt8785046,Now Is Everything,2020-02-28
tt8404614,The Two Popes,2019-12-20
tt0475784,Westworld,2016-10-02
tt2126235,Collide,2017-02-24
tt3658772,Misconduct,2016-02-05
tt4061010,Blackway,2016-06-10
tt1291570,Solace,2016-12-16
tt2917388,Kidnapping Mr. Heineken,2015-03-06
tt1959490,Noah,2014-03-28
tt1821694,RED 2,2013-07-19
tt1680045,360,2012-06-29
tt1161864,The Rite,2011-01-28
tt1063327,Bare Knuckles,2010
tt1182350,You Will Meet a Tall Dark Stranger,2010-10-22
tt0780653,The Wolfman,2010-02-12
tt0896923,The City of Your Final Destination,2009-03-21
tt1408343,Where I Stand: The Hank Greenspun Story,2008-06
tt0442933,Beowulf,2007-11-16
tt0364151,American Masters,1986-06-22
tt0499570,Slipstream,2007-05-29
tt0488120,Fracture,2007-04-20
tt0405676,All the King's Men,2006-09-22
tt0308055,Bobby,2006-11-23
tt0412080,The World's Fastest Indian,2006-03-24
tt0346491,Alexander,2004-11-24
tt0361185,Freedom: A History of US,2003
tt0263265,Shortcut to Happiness,2004-04-23
tt0308383,The Human Stain,2003-10
tt0280486,Bad Company,2002-06-07
tt0252501,Hearts in Atlantis,2001-09-28
tt0212985,Hannibal,2001-02-09
tt0170016,How the Grinch Stole Christmas,2000-11-17
tt0120755,Mission: Impossible II,2000-05-24
tt0120866,Titus,2000-02-11
tt0128278,Instinct,1999-06-04
tt0119643,Meet Joe Black,1998-11-13
tt0120746,The Mask of Zorro,1998-07-17
tt0118607,Amistad,1997-12-25
tt0119051,The Edge,1997-09-26
tt0117791,Surviving Picasso,1996-09-20
tt0115591,August,1996-04-19
tt0113987,Nixon,1996-01-05
tt0110322,Legends of the Fall,1995-01-13
tt0111001,The Road to Wellville,1994-10-28
tt0108101,Shadowlands,1994-01-14
tt0297626,Screen Two,1993-05-11
tt0107943,The Remains of the Day,1993-11-19
tt0267154,Bookmark,1983-09-28
tt0106185,The Innocent,1995-09-01
tt0108388,The Trial,1994-04
tt0103874,Bram Stoker's Dracula,1992-11-13
tt0104454,Howards End,1993-02-26
tt0104299,Freejack,1992-01-17
tt0102969,The Efficiency Expert,1992-11-06
tt0102926,The Silence of the Lambs,1991-02-14
tt0099476,Dylan Thomas: Return Journey,1990-12-25
tt0094871,A Chorus of Disapproval,1989-05
tt1601983,The Play on One,1988-01-19
tt0094955,The Dawning,1989-04
tt0090570,84 Charing Cross Road,1987-02-13
tt0093103,The Good Father,1987-02-11
tt0086993,The Bounty,1984-05-04
tt0088186,Strangers and Brothers,1984-01-11
tt0165593,BBC Play of the Month,1965-10-19
tt0080515,A Change of Seasons,1980-12-01
tt0080678,The Elephant Man,1980-10-10
tt0077889,Magic,1978-11-08
tt0077743,International Velvet,1978-07-19
tt0075784,A Bridge Too Far,1977-06-15
tt0075704,Audrey Rose,1977-04-06
tt0200358,Omnibus,1967-10-13
tt0071706,Juggernaut,1974-09-25
tt1245421,ITV Sunday Night Drama,1959
tt0071554,The Girl from Petrovka,1974-08-22
tt0165592,Play for Today,1970-10-15
tt1454044,Childhood,1977-02-16
tt0407366,Black and Blue,1973-08-14
tt0069987,A Doll's House,1973-05-22
tt0069654,War & Peace,1973-11-20
tt0069528,Young Winston,1972-10-10
tt0374019,The Man Outside,1972
tt0927036,The Ten Commandments,1971-03-30
tt0067976,When Eight Bells Toll,1971-05-26
tt1342999,Biography,1970-10-21
tt0066001,The Looking Glass War,1970-02-04
tt0064400,Hamlet,1969-12-21
tt0297621,ITV Saturday Night Theatre,1969-01-11
tt0063893,Department S,1969-03-09
tt0297530,The Company of Five,1968-11-03
tt0063227,The Lion in Winter,1968-10-30
tt0061181,The White Bus,1979-12-21
tt0181240,The Man in Room 17,1965-06-11
tt0499612,A Matter of Degree,1960-05-16
tt7678620,Bluey,2018-09-30
tt4682804,Lucy in the Sky,2019-10-04
tt4042818,The Death & Life of John F. Donovan,2019-12-13
tt5960374,Vox Lux,2018-10-12
tt2798920,Annihilation,2018-02-23
tt3597790,Angie Tribeca,2016-01-17
tt2062700,Song to Song,2017-03-17
tt4680196,Planetarium,2017-08-11
tt1619029,Jackie,2016-12-02
tt2140037,Jane Got a Gun,2016-01-29
tt1135989,A Tale of Love and Darkness,2016-08-19
tt4076926,The Heyday of the Insensitive Bastards,2017-10-27
tt2101383,Knight of Cups,2016-03-04
tt1240982,Your Highness,2011-04-08
tt1411238,No Strings Attached,2011-01-21
tt1356864,I'm Still Here,2010-09-10
tt0947798,Black Swan,2010-12-17
tt1403177,Hesher,2010-01-22
tt0765010,Brothers,2009-12-04
tt1032825,The Other Woman,2011-01-01
tt0808399,"New York, I Love You",2009-10-16
tt0457419,Mr. Magorium's Wonder Emporium,2007-11-16
tt0838221,The Darjeeling Limited,2007-10-26
tt0765120,My Blueberry Nights,2008-04-04
tt0455957,Goya's Ghosts,2007-06-09
tt0401711,"Paris, je t'aime",2007-06-15
tt0434409,V for Vendetta,2006-03-17
tt0441761,Free Zone,2006-04-07
tt0121766,Star Wars: Episode III - Revenge of the Sith,2005-05-19
tt0446683,Domino One,2005-03-11
tt0063951,Sesame Street,1969-07-21
tt0376541,Closer,2004-12-03
tt0333766,Garden State,2004-08-20
tt0159365,Cold Mountain,2003-12-25
tt0121765,Star Wars: Episode II - Attack of the Clones,2002-05-16
tt0196229,Zoolander,2001-09-28
tt0198021,Where the Heart Is,2000-04-28
tt0149691,Anywhere But Here,1999-11-12
tt0120915,Star Wars: Episode I - The Phantom Menace,1999-05-19
tt0116996,Mars Attacks!,1996-12-13
tt0115639,Beautiful Girls,1996-02-09
tt0113277,Heat,1995-12-15
tt0110413,Léon: The Professional,1994-11-18
tt10295314,Expired,2022-03-17
tt10971064,Mr. Corman,2021-08-06
tt10644372,Lone Wolf,2021-09-24
tt8846706,Measure for Measure,2020-09-03
tt8689644,Hearts and Bones,2019-10-11
tt1571234,Mortal Engines,2018-12-14
tt3208026,Black '47,2018-09-28
tt5091014,Jasper Jones,2019-02-21
tt2119532,Hacksaw Ridge,2016-11-04
tt2910904,The Dressmaker,2015-10-16
tt2325977,Strangerland,2015-07-10
tt2310792,Healing,2015-05
tt2130270,The Mule,2014-11-21
tt2322641,The Turning,2014-05-25
tt2236054,Mystery Road,2013-10-11
tt1371111,Cloud Atlas,2012-10-26
tt1402488,Happy Feet Two,2011-11-18
tt1399103,Transformers: Dark of the Moon,2011-06-29
tt0899154,The Key Man,2011-03-19
tt1587000,Rake,2011-07-13
tt1438216,Oranges and Sunshine,2011-10-15
tt1219342,Legend of the Guardians: The Owls of Ga'Hoole,2010-09-24
tt1055369,Transformers: Revenge of the Fallen,2009-06-24
tt1235142,Last Ride,2010-01-09
tt0452692,The Tender Hook,2010-06-11
tt0418279,Transformers,2007-07-03
tt0366548,Happy Feet,2006-11-17
tt0382810,Little Fish,2006-02-24
tt0347755,Peaches,2004-10-17
tt0242653,The Matrix Revolutions,2003-11-05
tt0234215,The Matrix Reloaded,2003-05-15
tt0291993,Horseplay,2003-05-22
tt0215139,Russian Doll,2001-04-06
tt0223832,The Old Man Who Read Love Stories,2001
tt0163080,The Magic Pudding,2002-07-10
tt0209368,Strange Planet,1999-10-07
tt0133093,The Matrix,1999-03-31
tt0120595,Babe: Pig in the City,1998-11-25
tt0126810,Bedrooms and Hallways,1999-05-28
tt0120714,The Interview,1998-10
tt0117975,True Love and Chaos,1997-05-22
tt0428139,Naked: Stories of Men,1996-03-03
tt0112431,Babe,1995-08-04
tt0109757,Exile,1995-09-15
tt0106638,The Custodian,1993-09
tt0106963,Frauds,1993-09-17
tt0107930,Reckless Kelly,1994-05-06
tt0102721,Proof,1992-03-20
tt0098959,...Almost,1990-08-02
tt0093861,The Right Hand Man,1987-11-21
tt0091067,For Love Alone,1986-05-22
tt0091964,Sky Pirates,1988-05-20
tt0085344,The City's Edge,1983-04
tt0080311,...Maybe This Time,1981-10
tt13820498,The Last Days of Ptolemy Grey,2022-03-11
tt6079772,The Protégé,2021-08-20
tt8385148,Hitman's Wife's Bodyguard,2021-06-16
tt10342730,Spiral,2021-05-14
tt12369754,Staged,2020-06-10
tt6285944,The Banker,2020-03-20
tt2527338,Star Wars: Episode IX - The Rise of Skywalker,2019-12-20
tt0783640,The Last Full Measure,2020-01-24
tt3697842,The Late Show with Stephen Colbert,2015-09-08
tt4463894,Shaft,2019-06-14
tt6823368,Glass,2019-01-18
tt5989218,Life Itself,2018-09-21
tt3606756,Incredibles 2,2018-06-15
tt1959563,The Hitman's Bodyguard,2017-08-18
tt1293847,xXx: Return of Xander Cage,2017-01-20
tt1935859,Miss Peregrine's Home for Peculiar Children,2016-09-30
tt0918940,The Legend of Tarzan,2016-07-01
tt0775440,Cell,2016-06-10
tt3460252,The Hateful Eight,2015-12-30
tt4594834,Chi-Raq,2015-12-04
tt1731701,Barely Lethal,2015-04-30
tt2802144,Kingsman: The Secret Service,2015-02-13
tt1608383,Black Dynamite,2011-08-08
tt2088003,Big Game,2015-06-26
tt2044801,Kite,2014-08-28
tt2364582,Agents of S.H.I.E.L.D.,2013-09-24
tt0320037,Jimmy Kimmel Live!,2003-01-26
tt1234721,RoboCop,2014-02-12
tt2304953,Reasonable Doubt,2014-01-17
tt1321511,Oldboy,2013-11-27
tt1860353,Turbo,2013-07-17
tt1853728,Django Unchained,2012-12-25
tt1488181,Adventures in Zambezia,2012-07-06
tt1810697,Meeting Evil,2012-03-30
tt1867093,The Samaritan,2012-01-30
tt0312305,Quantum Quest: A Cassini Space Odyssey,2012-12-02
tt0373732,The Boondocks,2005-11-06
tt1386588,The Other Guys,2010-08-06
tt0914863,Unthinkable,2010-06-15
tt0375568,Astro Boy,2009-10-23
tt1121977,Mother and Child,2009-11-07
tt0361748,Inglourious Basterds,2009-08-21
tt1111948,Soul Men,2008-11-07
tt0810880,Gospel Hill,2009-08-21
tt0947802,Lakeview Terrace,2008-09-19
tt1185834,Star Wars: The Clone Wars,2008-08-15
tt0489099,Jumper,2008-02-14
tt0896798,Cleaner,2008-05-27
tt0450385,1408,2007-06-22
tt0416185,Resurrecting the Champ,2007-08-24
tt0763840,Home of the Brave,2006-12-15
tt0462200,Black Snake Moan,2007-03-02
tt0417148,Snakes on a Plane,2006-08-18
tt0349467,Freedomland,2006-02-17
tt0399327,The Man,2005-09-09
tt0329774,xXx: State of the Union,2005-04-29
tt0393162,Coach Carter,2005-01-14
tt0317705,The Incredibles,2004-11-05
tt0378194,Kill Bill: Vol. 2,2004-04-16
tt0315297,Twisted,2004-02-27
tt0349260,In My Country,2005-03-11
tt0257076,S.W.A.T.,2003-08-08
tt0264395,Basic,2003-03-28
tt0295701,xXx,2002-08-09
tt0292610,No Good Deed,2003-09-12
tt0264472,Changing Lanes,2002-04-12
tt0293737,The Proud Family,2001-09-15
tt0227984,Formula 51,2002-10-18
tt0182000,The Caveman's Valentine,2001-01-19
tt0217869,Unbreakable,2000-11-22
tt0162650,Shaft,2000-06-16
tt0227972,WWE Smackdown!,1999-04-27
tt0149261,Deep Blue Sea,1999-07-28
tt0159888,Linc's,1998-08-01
tt0120802,The Red Violin,1999-06-11
tt0120768,The Negotiator,1998-07-29
tt0120780,Out of Sight,1998-06-26
tt0120184,Sphere,1998-02-13
tt0119396,Jackie Brown,1997-12-25
tt0119080,Eve's Bayou,1997-11-07
tt0118531,One Eight Seven,1997-07-30
tt0111996,Happily Ever After: Fairy Tales for Every Child,1995-03-12
tt0116908,The Long Kiss Goodnight,1996-10-11
tt0117913,A Time to Kill,1996-07-24
tt0117958,Trees Lounge,1996-10-11
tt0116448,The Great White Hype,1996-05-03
tt0113089,Fluke,1995-06-02
tt0112864,Die Hard with a Vengeance,1995-05-19
tt0113552,Kiss of Death,1995-04-21
tt0113691,Losing Isaiah,1995-03-17
tt0117577,The Search for One-eye Jimmy,1996-06-21
tt0110649,The New Age,1994-09-16
tt0110912,Pulp Fiction,1994-10-14
tt0109842,Fresh,1994-09-02
tt0108399,True Romance,1993-09-10
tt0107290,Jurassic Park,1993-06-11
tt0107554,Menace II Society,1993-05-26
tt0106266,Amos & Andrew,1993-03-05
tt0107659,Loaded Weapon 1,1993-02-05
tt0094416,American Experience,1988-10-04
tt0101124,I'll Fly Away,1991-10-07
tt0108787,Ghostwriter,1992-10-04
tt0105112,Patriot Games,1992-06-05
tt0104240,Fathers & Sons,1992-01
tt0104573,Juice,1992-01-17
tt0102174,Jumpin' at the Boneyard,1992-01
tt0102996,Strictly Business,1991-11-08
tt0101184,Roc,1991-08-24
tt0104567,Johnny Suede,1992-08-14
tt0102175,Jungle Fever,1991-06-07
tt0100480,The Return of Superfly,1990-11-09
tt0099685,Goodfellas,1990-09-21
tt0099528,The Exorcist III,1990-08-17
tt0100168,Mo' Better Blues,1990-08-03
tt0099128,Betsy's Wedding,1990-06-22
tt0100602,A Shock to the System,1990-03-23
tt0099395,Def by Temptation,1990-03-23
tt0098273,Sea of Love,1989-09-15
tt0092336,The Days and Nights of Molly Dodd,1987-05-21
tt0097216,Do the Right Thing,1989-07-21
tt0096646,A Man Called Hawk,1989-01-28
tt0094898,Coming to America,1988-06-29
tt0096054,School Daze,1988-02-12
tt0088612,Spenser: For Hire,1985-09-20
tt0093474,Magic Sticks,1987-06-25
tt0082970,Ragtime,1981-12-25
tt0080707,The Exterminator,1980-09-19
tt0071012,Movin' On,1974-05-08
tt0202001,Together for Days,1973
tt8322592,Fast & Furious Spy Racers,2019-12-26
tt5433138,F9: The Fast Saga,2021-06-25
tt5848272,Ralph Breaks the Internet,2018-11-21
tt4630562,The Fate of the Furious,2017-04-14
tt2513074,Billy Lynn's Long Halftime Walk,2016-11-18
tt7537668,CelebriD&D,2015-10-25
tt1618442,The Last Witch Hunter,2015-10-23
tt2820852,Furious 7,2015-04-03
tt1411250,Riddick,2013-09-06
tt1905041,Fast & Furious 6,2013-05-24
tt1596343,Fast Five,2011-04-29
tt1013752,Fast & Furious,2009-04-03
tt0364970,Babylon A.D.,2008-08-29
tt0463985,The Fast and the Furious: Tokyo Drift,2006-06-16
tt0419749,Find Me Guilty,2006-03-17
tt0395699,The Pacifier,2005-03-04
tt4967358,GameStar: Die Redaktion,2004-12-29
tt0296572,The Chronicles of Riddick,2004-06-11
tt0266465,A Man Apart,2003-04-04
tt0211465,Knockaround Guys,2002-10-11
tt0232500,The Fast and the Furious,2001-06-22
tt0134847,Pitch Black,2000-02-18
tt0181984,Boiler Room,2000-02-18
tt0129167,The Iron Giant,1999-08-06
tt0120815,Saving Private Ryan,1998-07-24
tt0149171,Strays,1997-01-18
tt0099077,Awakenings,1991-01-11
tt2463208,The Adam Project,2022-03-11
tt6338498,Vivo,2021-08-06
tt8976576,Vampires vs. the Bronx,2020-10-02
tt6348138,Missing Link,2019-04-12
tt4131800,My Little Pony: The Movie,2017-10-06
tt4547194,I Kill Giants,2018-03-23
tt2361317,Live by Night,2017-01-13
tt2660888,Star Trek Beyond,2016-07-22
tt0493076,Nina,2016-04-22
tt2262227,The Book of Life,2014-10-17
tt1969062,Infinitely Polar Bear,2015-06-19
tt1206543,Out of the Furnace,2013-12-06
tt1747958,Blood Ties,2014-03-15
tt1840417,The Words,2012-09-07
tt1657507,Colombiana,2011-08-26
tt1135084,Takers,2010-08-27
tt1283887,Burning Palms,2010-04-23
tt1321509,Death at a Funeral,2010-04-16
tt0499549,Avatar,2009-12-18
tt0493451,The Skeptic,2009-03-28
tt0443274,Vantage Point,2008-02-22
tt0822791,Blackout,2008-02-05
tt0801427,Six Degrees,2006-09-21
tt0465375,After Sex,2008-02-19
tt0455841,The Heart Specialist,2011-01-14
tt0451166,Premium,2006-03-06
tt0434172,The Curse of Father Cardona,2005-10
tt0407732,Dirty Deeds,2005-08-26
tt0372237,Guess Who,2005-03-25
tt0315431,Constellation,2007-02-02
tt0339771,Temptation,2004-09-27
tt0386504,Haven,2006-09-15
tt0362227,The Terminal,2004-06-18
tt0203259,Law & Order: Special Victims Unit,1999-09-20
tt0325980,Pirates of the Caribbean: The Curse of the Black Pearl,2003-07-09
tt0303933,Drumline,2002-12-13
tt0275022,Crossroads,2002-02-15
tt0275688,Snipes,2002-09-04
tt0192071,Get Over It,2001-03-09
tt0210616,Center Stage,2000-05-12
tt4651448,Green Eggs and Ham,2019-11-08
tt7255502,The Kominsky Method,2018-11-16
tt7946836,Animal World,2018-06-29
tt1734493,Unlocked,2017-09-01
tt2911668,Beyond the Reach,2015-04-17
tt2465146,And So It Goes,2014-07-25
tt1204975,Last Vegas,2013-11-01
tt1291580,Behind The Candelabra,2013-05-26
tt1506999,Haywire,2012-01-20
tt0852863,Phineas and Ferb,2007-08-17
tt1027718,Wall Street: Money Never Sleeps,2010-09-24
tt1294213,Solitary Man,2010-06-25
tt1183251,Beyond a Reasonable Doubt,2009-09-11
tt0821640,Ghosts of Girlfriends Past,2009-05-01
tt0388182,King of California,2007-01-24
tt0463034,"You, Me and Dupree",2006-07-14
tt0443632,The Sentinel,2006-04-21
tt0314786,The In-Laws,2003-05-23
tt0311110,It Runs in the Family,2003-04-25
tt0337550,Liberty's Kids: Est. 1776,2002-09-02
tt0157246,Will & Grace,1998-09-21
tt0260866,Don't Say a Word,2001-09-28
tt0181865,Traffic,2001-01-05
tt0119174,The Game,1997-09-12
tt0116409,The Ghost and the Darkness,1996-10-11
tt0112346,The American President,1995-11-17
tt0109635,Disclosure,1994-12-09
tt0106856,Falling Down,1993-02-26
tt0103772,Basic Instinct,1992-03-20
tt0105391,Shining Through,1992-01-31
tt0098621,The War of the Roses,1989-12-08
tt0096933,Black Rain,1989-09-22
tt0094291,Wall Street,1987-12-11
tt0093010,Fatal Attraction,1987-09-18
tt0088915,A Chorus Line,1985-12-20
tt0089370,The Jewel of the Nile,1985-12-11
tt0088011,Romancing the Stone,1984-03-30
tt0086356,The Star Chamber,1983-08-05
tt0080936,It's My Turn,1980-10-24
tt0079832,Running,1979-11-02
tt0078966,The China Syndrome,1979-03-16
tt0077355,Coma,1978-01-06
tt0068135,The Streets of San Francisco,1972-09-16
tt0068990,Napoleon and Samantha,1972-07-05
tt0063928,Medical Center,1969-04-17
tt0067804,Summertree,1971-06-06
tt0058801,The F.B.I.,1965-09-16
tt0065371,Adam at Six A.M.,1970-09-22
tt0064399,"Hail, Hero!",1969-10-04
tt0831400,CBS Playhouse,1967-01-29
tt0060218,Cast a Giant Shadow,1966-03-30
tt5108870,Morbius,2022-04-01
tt1070874,The Trial of the Chicago 7,2020-10-16
tt8009744,Worth,2021-09-03
tt3861390,Dumbo,2019-03-29
tt4677934,Documentary Now!,2015-08-20
tt1961175,American Assassin,2017-09-15
tt4276820,The Founder,2017-01-20
tt1895587,Spotlight,2015-11-20
tt2293640,Minions,2015-07-10
tt2369135,Need for Speed,2014-03-14
tt2055709,Blindsided,2014-01-04
tt1091821,Noah,2012-07-13
tt0496424,30 Rock,2006-10-11
tt0435761,Toy Story 3,2010-06-18
tt1142433,Post Grad,2009-08-21
tt0967945,The Merry Gentleman,2008-01-18
tt0469689,The Last Time,2007-05-18
tt0317219,Cars,2006-06-09
tt0400497,Herbie Fully Loaded,2005-06-22
tt0375210,White Noise,2005-01-07
tt0361620,First Daughter,2004-09-24
tt0372062,Gary the Rat,2003-06-26
tt0118375,King of the Hill,1997-01-12
tt0271136,Quicksand,2004-03-16
tt0106004,Frasier,1993-09-16
tt0193854,A Shot at Glory,2001-06-08
tt0141109,Jack Frost,1998-12-11
tt0118966,Desperate Measures,1998-01-30
tt0117108,Multiplicity,1996-07-17
tt0111256,Speechless,1994-12-16
tt0110771,The Paper,1994-03-25
tt0107630,My Life,1993-11-12
tt0107616,Much Ado About Nothing,1993-07-02
tt0104652,Porco Rosso,1994-12-16
tt0103776,Batman Returns,1992-06-19
tt0102593,One Good Cop,1991-05-03
tt0100318,Pacific Heights,1990-09-28
tt0096895,Batman,1989-06-23
tt0097235,The Dream Team,1989-04-07
tt0094884,Clean and Sober,1988-08-10
tt0094721,Beetlejuice,1988-03-30
tt0096094,She's Having a Baby,1988-02-05
tt0094021,The Squeeze,1987-07-10
tt0092104,Touch and Go,1986-08-22
tt0091159,Gung Ho,1986-03-14
tt0087507,Johnny Dangerously,1984-12-21
tt0085970,Mr. Mom,1983-08-19
tt0084412,Night Shift,1982-07-30
tt0083472,Report to Murphy,1982-04-05
tt0078711,Working Stiffs,1979-09-15
tt0078652,The Mary Tyler Moore Hour,1979-03-04
tt0073992,Family,1976-03-09
tt0077050,Mary,1978-09-24
tt0078133,Rabbit Test,1978-04-09
tt0074064,The Tony Randall Show,1976-09-23
tt0073956,All's Fair,1976-09-20
tt0068103,Maude,1972-09-12
tt0074021,"Mary Hartman, Mary Hartman",1976-01-05
tt0062588,Mister Rogers' Neighborhood,1968-02-19
tt11284502,South of Heaven,2021-10-08
tt9731682,Crisis,2021-02-26
tt2937366,Little Evil,2017-09-01
tt0433035,Real Steel,2011-10-07
tt0411008,Lost,2004-09-22
tt0940580,Afterwards,2009-10-27
tt0385057,The Long Weekend,2006-06-09
tt0381707,White Chicks,2004-06-23
tt0324864,Kingdom Hospital,2004-03-03
tt0279600,Smallville,2001
tt0364817,Tru Calling,2003-10-30
tt0329101,Freddy vs. Jason,2003-08-15
tt0306841,The Lizzie McGuire Movie,2003-05-02
tt0311863,Stealing Sinatra,2003-01-24
tt10758074,The Man Who Fell to Earth,2022-04-24
tt6654210,Infinite,2021-06-10
tt13061914,Locked Down,2021-01-14
tt7556122,The Old Guard,2020-07-10
tt4777008,Maleficent: Mistress of Evil,2019-10-18
tt6105098,The Lion King,2019-07-19
tt7533152,The Boy Who Harnessed the Wind,2019-03-01
tt2296777,Sherlock Gnomes,2018-03-23
tt5360996,Mary Magdalene,2019-04-12
tt1690967,Come Sunday,2018-04-13
tt1712261,Triple 9,2016-02-26
tt1741273,Secret in Their Eyes,2015-11-20
tt3659388,The Martian,2015-10-02
tt4610094,National Theatre Live: Everyman,2015-08-30
tt1598642,Z for Zachariah,2015-01-24
tt2215077,Half of a Yellow Sun,2014-05-16
tt1797487,Savannah,2014-04-25
tt1701920,The Shadow Line,2012-02-19
tt0944835,Salt,2010-07-23
tt1190080,2012,2009-11-13
tt1217616,Endgame,2009-01-18
tt1012804,Redbelt,2008-05-09
tt0765429,American Gangster,2007-11-02
tt0796368,Talk to Me,2007-08-03
tt0206634,Children of Men,2007-01-05
tt0454848,Inside Man,2006-03-24
tt0434124,Kinky Boots,2006-05-26
tt0376196,Slow Burn,2007-04-13
tt0379786,Serenity,2005-09-30
tt0430105,Four Brothers,2005-07-01
tt0389571,Animated Tales of the World,2001-09-05
tt0378947,Melinda and Melinda,2005-04-08
tt0388364,Red Dust,2005-05-28
tt0384533,She Hate Me,2004-07-30
tt0314331,Love Actually,2003-11-14
tt0324952,3 Blind Mice,2003-11-04
tt0301199,Dirty Pretty Things,2003-09-05
tt0288380,Murder in Mind,2001-04-22
tt0312986,My Friend Soweto,2001-04-01
tt0233954,It Was an Accident,2000-10-27
tt0179835,G:MT Greenwich Mean Time,1999-10-01
tt7826108,Raising Dion,2019-10-04
tt7945066,Gen: Lock,2019-01-26
tt0995854,A Journal for Jordan,2021-12-25
tt3554046,Space Jam: A New Legacy,2021-07-15
tt9561862,"Love, Death & Robots",2019-03-15
tt6343314,Creed II,2018-11-21
tt6017942,Kin,2018-08-31
tt0360556,Fahrenheit 451,2018-05-19
tt3076658,Creed,2015-11-25
tt1502712,Fantastic Four,2015-08-07
tt1800246,That Awkward Moment,2014-01-31
tt2334649,Fruitvale Station,2013-07-26
tt2403883,Hotel Noir,2012-09-27
tt0412142,House,2004-11-16
tt1706593,Chronicle,2012-02-03
tt0485985,Red Tails,2012-01-20
tt1416765,Parenthood,2010-03-02
tt0758745,Friday Night Lights,2006-10-03
tt0275140,Law & Order: Criminal Intent,2001-09-30
tt0460627,Bones,2005-09-13
tt1101250,The Assistants,2009-07-10
tt1220633,Pastor Brown,2009-06-26
tt0810788,Burn Notice,2007-06-28
tt0321021,Without a Trace,2002-09-26
tt0247082,CSI: Crime Scene Investigation,2000-10-06
tt0306414,The Wire,2002-06-02
tt0180734,Hardball,2001-09-14
tt0115144,Cosby,1996-09-16
tt0141842,The Sopranos,1999-01-10
tt12014962,Acting for a Cause,2020-03-27
tt3281548,Little Women,2019-12-25
tt8772262,Midsommar,2019-07-03
tt6513120,Fighting with My Family,2019-02-22
tt2386237,Malevolent,2018-10-05
tt6679794,Outlaw King,2018-11-09
tt1590193,The Commuter,2018-01-12
tt4291600,Lady Macbeth,2017-07-14
tt5269594,Marcella,2017-04-03
tt3294200,The Falling,2015-08-07
tt8115900,The Bad Guys,2022-04-22
tt16350094,The Boys Presents: Diabolical,2022-03-04
tt13207508,Swan Song,2021-12-17
tt7737640,Breaking News in Yuba County,2021-02-12
tt4823776,The SpongeBob Movie: Sponge on the Run,2021-03-04
tt7975244,Jumanji: The Next Level,2019-12-13
tt6905542,The Dark Crystal: Age of Resistance,2019-08-30
tt6095472,The Angry Birds Movie 2,2019-08-14
tt8036272,Tuca & Bertie,2019-05-03
tt8633518,Weird City,2019-02-13
tt6127004,Paradise Hills,2019-10-25
tt8637428,The Farewell,2019-08-09
tt4953128,Animals.,2016-02-05
tt5164214,Ocean's Eight,2018-06-08
tt3458510,Dude,2018-04-20
tt4975856,Future Man,2017-11-14
tt6101992,Drive Share,2017
tt5940390,Mary + Jane,2016-09-05
tt4624424,Storks,2016-09-23
tt4438848,Neighbors 2: Sorority Rising,2016-05-20
tt1710308,Regular Show,2009-08-14
tt2066051,Rocketman,2019-05-31
tt3685236,Ibiza,2018-05-25
tt5711280,Electric Dreams,2018-01-12
tt5057130,Medici,2016-12-09
tt5943392,Branagh Theatre Live: Romeo and Juliet,2016-11-18
tt2368619,The Take,2016-11-18
tt1661199,Cinderella,2015-03-13
tt2191082,A Promise,2014-04-18
tt0944947,Game of Thrones,2011-04-17
tt1942147,Sirens,2011-06-27
tt1319704,Chatroom,2010-08-11
tt1250890,Hope Springs,2009-06-07
tt0088621,Taggart,1983-09-06
tt0213331,Barmy Aunt Boomerang,1999-09-16
tt0188518,Complicity,1400-01-01
tt8772296,Euphoria,2019-06-16
tt1160419,Dune,2021-10-22
tt12676326,Malcolm & Marie,2021-02-05
tt4635282,The OA,2016-12-16
tt3598030,K.C. Undercover,2015-01-18
tt6182908,Smallfoot,2018-09-28
tt4940416,Duck Duck Goose,2018-07-20
tt1485796,The Greatest Showman,2017-12-20
tt6717892,Love Advent,2011-12-01
tt3487356,Black-ish,2014-09-24
tt1661326,Shake It Up,2010-11-07
tt1772752,A.N.T. Farm,2011-05-06
tt1415889,Good Luck Charlie,2010-04-04
