movie_id,cast_list
NA,NA
tt0371746,Robert Downey Jr.
tt0371746,Terrence Howard
tt0371746,Jeff Bridges
tt0371746,Gwyneth Paltrow
tt0371746,Leslie Bibb
tt0371746,Shaun Toub
tt0371746,Faran Tahir
tt0371746,Clark Gregg
tt0371746,Bill Smitrovich
tt0371746,Sayed Badreya
tt0371746,Paul Bettany
tt0371746,Jon Favreau
tt0371746,Peter Billingsley
tt0371746,Tim Guinee
tt0371746,Will Lyman
tt0371746,Tom Morello
tt0371746,Marco Khan
tt0371746,Khalili Dastan
tt0371746,Ido Mor
tt0371746,Kevin Foster
tt0371746,Garret Noël
tt0371746,Eileen Weisinger
tt0371746,Ahmed Ahmed
tt0371746,Fahim Fazli
tt0371746,Gerard Sanders
tt0371746,Tim Rigby
tt0371746,Russell Richardson
tt0371746,Nazanin Boniadi
tt0371746,Thomas Craig Plumer
tt0371746,Robert Berkman
tt0371746,Stacy Stas Hurst
tt0371746,Lauren Scyphers
tt0371746,Frank Nyi
tt0371746,Marvin Jordan
tt0371746,Jim Cramer
tt0371746,Donna Evans
tt0371746,Reid Harper
tt0371746,Summer Kylie Remington
tt0371746,Ava Rose Williams
tt0371746,Vladimir Kubr
tt0371746,Callie Croughwell
tt0371746,Javan Tahir
tt0371746,Sahar Bibiyan
tt0371746,Patrick O'Connell
tt0371746,Adam Harrington
tt0371746,Meera Simhan
tt0371746,Ben Newmark
tt0371746,Ricki Lander
tt0371746,Jeannine Kaspar
tt0371746,Sarah Cahill
tt0371746,Stan Lee
tt0371746,Justin Rex
tt0371746,Zorianna Kit
tt0371746,Lana Kinnear
tt0371746,Nicole Lindeblad
tt0371746,Masha Lund
tt0371746,Gabrielle Tuite
tt0371746,Tim Griffin
tt0371746,Joshua Harto
tt0371746,Micah Hauptman
tt0371746,James Bethea
tt0371746,Greg Anthony
tt0371746,Jeffrey Ashkin
tt0371746,Mark W. Berry
tt0371746,Russell Bobbitt
tt0371746,Alberto Bosi
tt0371746,Jon Braver
tt0371746,Vianessa Castaños
tt0371746,Mike Cochrane
tt0371746,Crystal Marie Denha
tt0371746,Yonel Dorelis
tt0371746,Mellany Gandara
tt0371746,Glenn Goldstein
tt0371746,Halla
tt0371746,Kristin J. Hooper
tt0371746,Samuel L. Jackson
tt0371746,Chris Jalandoni
tt0371746,Stephen Janousek
tt0371746,Theo Kypri
tt0371746,Laura Liguori
tt0371746,Flavia Manes Rossi
tt0371746,Anthony Martins
tt0371746,Allison McAtee
tt0371746,Robert McMurrer
tt0371746,James M. Myers
tt0371746,America Olivo
tt0371746,Sylvette Ortiz
tt0371746,Brett Padelford
tt0371746,Ajani Perkins
tt0371746,Elijah Samuel Quesada
tt0371746,Chris Reid
tt0371746,Toi Rose
tt0371746,Arne Starr
tt0371746,George F. Watson
tt0371746,David Zyler
tt1300854,Robert Downey Jr.
tt1300854,Gwyneth Paltrow
tt1300854,Don Cheadle
tt1300854,Guy Pearce
tt1300854,Rebecca Hall
tt1300854,Jon Favreau
tt1300854,Ben Kingsley
tt1300854,James Badge Dale
tt1300854,Stephanie Szostak
tt1300854,Paul Bettany
tt1300854,William Sadler
tt1300854,Dale Dickey
tt1300854,Ty Simpkins
tt1300854,Miguel Ferrer
tt1300854,Xueqi Wang
tt1300854,Shaun Toub
tt1300854,Matthew Sterling Nye
tt1300854,Pat Kiernan
tt1300854,Josh Elliott
tt1300854,Megan Henderson
tt1300854,Thomas Roberts
tt1300854,Bill Maher
tt1300854,Joan Rivers
tt1300854,George Kotsiopoulos
tt1300854,Bronte D'Esposito
tt1300854,Noah Visconti
tt1300854,Ashley Hamilton
tt1300854,Brooke Jaye Taylor
tt1300854,Kim Holderness
tt1300854,Glenn Foster
tt1300854,Anthony Reynolds
tt1300854,Kendrick Cross
tt1300854,Tom Clark
tt1300854,Brian Schaeffer
tt1300854,John Eddins
tt1300854,Rockey Dickey Jr.
tt1300854,Drew Michael Hershner
tt1300854,Sarah Burkhardt
tt1300854,Jan Broberg
tt1300854,Andy Lauer
tt1300854,Nate Bynum
tt1300854,Andrew Lander
tt1300854,Tom Virtue
tt1300854,Serdar Kalsin
tt1300854,Roy McCrerey
tt1300854,Demetrios Hodges
tt1300854,Bobby Tisdale
tt1300854,Yvonne Zima
tt1300854,Stan Lee
tt1300854,Adam Pally
tt1300854,James Rackley
tt1300854,Cullen Moss
tt1300854,Jacob Dewitt
tt1300854,Kevin Arnold
tt1300854,Rebecca Mader
tt1300854,Juan Bofill
tt1300854,David Anthony Buglione
tt1300854,Adam Lytle
tt1300854,Paul Andrew O'Connor
tt1300854,Phil Ortiz
tt1300854,Gwendalyn Barker
tt1300854,Steve Wilder
tt1300854,Luciana Faulhaber
tt1300854,Kary Musa
tt1300854,Mike Massa
tt1300854,Mark Kubr
tt1300854,Eric Oram
tt1300854,Naomi Grace
tt1300854,Aurelia Riley
tt1300854,Johanna Yunda
tt1300854,Wesley Thompson
tt1300854,Toochukwu T.C. Anyachonkeya
tt1300854,Jenna Ortega
tt1300854,Chad Kurtz
tt1300854,Corey Hawkins
tt1300854,Cal Johnson
tt1300854,Linden Ashby
tt1300854,Sarah Farooqui
tt1300854,Sala Baker
tt1300854,Kial Butler
tt1300854,Nick Brandon
tt1300854,Dan Brown
tt1300854,Fernando Chien
tt1300854,Ilram Choi
tt1300854,Brycen Counts
tt1300854,Kiante Elam
tt1300854,Dane Farwell
tt1300854,Mark Fichera
tt1300854,Colin Follenweider
tt1300854,Aja Frary
tt1300854,Mark Ginther
tt1300854,Adrian Gonzales
tt1300854,Dennis Keiffer
tt1300854,Samuel Le
tt1300854,Tara Macken
tt1300854,William Morts
tt1300854,Jade Quon
tt1300854,J.C. Robaina
tt1300854,Markos Rounthwaite
tt1300854,Philip J Silvera
tt1300854,Brian Simpson
tt1300854,Mark Aaron Wagner
tt1300854,Bingbing Fan
tt1300854,Si Yu Li
tt1300854,"Matthew Clark ""Ghost"""
tt1300854,Johann Carchidi Abreu
tt1300854,Keion Adams
tt1300854,Daniel Agger
tt1300854,Joseph Akharoh Jr.
tt1300854,Paul Aldanée
tt1300854,Marcus Alston
tt1300854,Aesop Aquarian
tt1300854,Laura Avery
tt1300854,Laura Avnaim
tt1300854,Ric Bagoly
tt1300854,Del Baron
tt1300854,Kayla Bechor
tt1300854,Elizabeth Becka
tt1300854,Logan Bennett
tt1300854,Olga Bespalenko
tt1300854,Robert Perry Bierman
tt1300854,Jason Bigart
tt1300854,Yuki Bird
tt1300854,Sharika Blockett
tt1300854,Rustam Branaman
tt1300854,Lorraine Caporaso
tt1300854,Kadrolsha Ona Carole
tt1300854,John Carter
tt1300854,Vince Casademont
tt1300854,Chevy Lamont Cofield
tt1300854,Stephen L. Cohen
tt1300854,Brian Cole
tt1300854,Raul Colon
tt1300854,Andrea Conrad
tt1300854,Darin Cooper
tt1300854,Christopher Cozort
tt1300854,Jeff Crofut
tt1300854,Kristen Cubbage
tt1300854,Todd Davis
tt1300854,Drew Day
tt1300854,Christopher De Stefano
tt1300854,Mariam Devash
tt1300854,Gordon Dillard Jr.
tt1300854,Stephen Dixon
tt1300854,Brenden Donovan
tt1300854,Steve Earnest
tt1300854,Kerry Everett
tt1300854,Kim Farris
tt1300854,Kale Flowers
tt1300854,Carolyn Foland
tt1300854,Don Folz
tt1300854,Patrick H. Fox
tt1300854,William Frasca
tt1300854,Gregory French
tt1300854,Fred Galle
tt1300854,Spencer Garrett
tt1300854,Lana Gautier
tt1300854,Chris Gethard
tt1300854,David Goebel
tt1300854,Lino M. Gomes
tt1300854,Jordan Googe
tt1300854,Amy Gorgen
tt1300854,Cindy Goudie
tt1300854,Randy Grazio
tt1300854,Albert Guzman
tt1300854,Mike Guzman
tt1300854,Walid N. Hakim
tt1300854,Trevor Hammonds
tt1300854,Bryan Hanna
tt1300854,Patrick Hannah
tt1300854,Joshua Harto
tt1300854,J. Mardrice Henderson
tt1300854,Ethan Henry
tt1300854,Jeffrey Hersh
tt1300854,Joseph Milton Hodges Jr.
tt1300854,Joseph Milton Hodges Sr.
tt1300854,Nancy Rouse Hodges
tt1300854,Penn Holderness
tt1300854,Anthony J. James
tt1300854,Baron Jay
tt1300854,Dave Jia
tt1300854,Cerina E. Johnson
tt1300854,Dean Allen Jones
tt1300854,Jason Jordan
tt1300854,Caroline Kahn
tt1300854,Justin Kucsulain
tt1300854,Tanner Lagasca
tt1300854,David W. LeBlanc
tt1300854,Noa Lindberg
tt1300854,Jessica Lorez
tt1300854,Kimberly Loveless
tt1300854,Matt Lovell
tt1300854,Michael Lovern
tt1300854,Cody Lowe
tt1300854,Oscar Magana Jr.
tt1300854,Keri Maletto
tt1300854,Kenneth Manos
tt1300854,Michael Mariano
tt1300854,Baseer Maroof
tt1300854,David L. Marston
tt1300854,Pete Marzilli
tt1300854,Jen McPherson
tt1300854,Michael Melendez
tt1300854,Keith Middlebrook
tt1300854,Jeffrey M. Miller
tt1300854,Brian Mizula
tt1300854,Brian Patrick Moize
tt1300854,Anna Nalepka
tt1300854,Marcus Natividad
tt1300854,Crystal Nichol
tt1300854,Chris Noel
tt1300854,Kevin J. O'Connor
tt1300854,Vince Offer
tt1300854,Joseph Oliveira
tt1300854,Carmelo Oquendo
tt1300854,Johnny Otto
tt1300854,Indra Patel
tt1300854,Eric Perez
tt1300854,Jess Perry
tt1300854,Andre Pith
tt1300854,Shannon Plummer-White
tt1300854,Susie Pratt
tt1300854,Stacy Rabon
tt1300854,Keith Rafalko
tt1300854,Vignesh Raguraman
tt1300854,Katja Rauhe
tt1300854,Sharif Razzaq
tt1300854,Maiya Reaux
tt1300854,Ray Remillard
tt1300854,Jonathan G Rivera
tt1300854,K. Lamar Robinson
tt1300854,Christina Rodriguez
tt1300854,Anthony Rosso
tt1300854,Chris Rourke
tt1300854,Mark Ruffalo
tt1300854,Ari Rufino
tt1300854,Irene Santiago
tt1300854,Jon Schweitzer
tt1300854,Frank Scozzari
tt1300854,Robert Seager
tt1300854,Patrice Sepulveda
tt1300854,Jon Komp Shin
tt1300854,Matthew Skomo
tt1300854,Martin Skrtel
tt1300854,John L. Smith Jr.
tt1300854,Ron Stafford
tt1300854,Jimmy Star
tt1300854,Dianne Sullivan
tt1300854,Lauren Swickard
tt1300854,Jason Talmadge
tt1300854,Mark Guy Thompson
tt1300854,Levi Tinker
tt1300854,Gina Travis
tt1300854,Deena Trudy
tt1300854,Kirk Urquhart
tt1300854,Denise Vasquez
tt1300854,Mark Anthony Vazquez
tt1300854,Joseph Velez
tt1300854,Millie Wannamaker
tt1300854,Kenny Waymack Jr.
tt1300854,Memi West
tt1300854,Justin Wheelon
tt1300854,Erin Whitaker
tt1300854,Lawrence Whitener
tt1300854,Michael Shamus Wiles
tt1300854,Pete Williams
tt1300854,Ebony Wilson
tt1300854,Jerry Winsett
tt1300854,Jessica Winther
tt1300854,Mitchell Yee
tt1300854,Bridger Zadina
tt1228705,Robert Downey Jr.
tt1228705,Gwyneth Paltrow
tt1228705,Don Cheadle
tt1228705,Scarlett Johansson
tt1228705,Sam Rockwell
tt1228705,Mickey Rourke
tt1228705,Samuel L. Jackson
tt1228705,Clark Gregg
tt1228705,John Slattery
tt1228705,Garry Shandling
tt1228705,Paul Bettany
tt1228705,Kate Mara
tt1228705,Leslie Bibb
tt1228705,Jon Favreau
tt1228705,Christiane Amanpour
tt1228705,Philippe Bergeron
tt1228705,James Bethea
tt1228705,Michael Bruno
tt1228705,Kate Clark
tt1228705,Luminita Docan
tt1228705,François Duhamel
tt1228705,Larry Ellison
tt1228705,DJ AM
tt1228705,Tim Guinee
tt1228705,Eric L. Haney
tt1228705,Ali Khan
tt1228705,Evgeniy Lazarev
tt1228705,Stan Lee
tt1228705,Isaiah Guyman Martin IV
tt1228705,Helena Mattsson
tt1228705,Keith Middlebrook
tt1228705,Anya Monzikova
tt1228705,Margy Stein
tt1228705,Olivia Munn
tt1228705,Elon Musk
tt1228705,Bill O'Reilly
tt1228705,Alejandro Patiño
tt1228705,Davin Ransom
tt1228705,Karim Saleh
tt1228705,Brian Schaeffer
tt1228705,Phillipe Simon
tt1228705,Jack White
tt1228705,Melanie Brown
tt1228705,Krystal Ellsworth
tt1228705,Victoria Gracie
tt1228705,Gina Cantrell
tt1228705,Renee Herlocker
tt1228705,Jill Ann Pineda-Arnold
tt1228705,Sandy Colton
tt1228705,Annika Ihnat
tt1228705,Jenny Robinson
tt1228705,Lindsay Dennis
tt1228705,Jennifer D. Johnson
tt1228705,Lindsay Rosenberg
tt1228705,Hannah Douglass
tt1228705,Brooke Long
tt1228705,Rachele Brooke Smith
tt1228705,Nadine Ellis
tt1228705,Kylette Zamora
tt1228705,Ted Alderman
tt1228705,Donessa Alexander
tt1228705,Martin Andris
tt1228705,Cassity Atkins
tt1228705,Ayelet'
tt1228705,Russell Bailey
tt1228705,Gregory Baldi
tt1228705,Elya Beer
tt1228705,Jordan Bobbitt
tt1228705,Chris Borden
tt1228705,Lauren C. Brooks
tt1228705,Pete Brown
tt1228705,Basilina Butler
tt1228705,Elizabeth J. Carlisle
tt1228705,Michael Cash
tt1228705,John Ceallach
tt1228705,Katie Cleary
tt1228705,Ajarae Coleman
tt1228705,Ken Colquitt
tt1228705,Christian Contreras
tt1228705,Rosa Costanza
tt1228705,Priscilla de Oliveira
tt1228705,Rick L. Dean
tt1228705,Timothy 'TJ' James Driscoll
tt1228705,Josh Driver
tt1228705,Jasmine Dustin
tt1228705,Max Favreau
tt1228705,Sam Felman
tt1228705,Caitlin Gallo
tt1228705,Shakira Vanise Gamble
tt1228705,Paul Grace
tt1228705,Clare Grant
tt1228705,James Granville
tt1228705,Seth Green
tt1228705,Kathryn Henzler
tt1228705,Cary Huff
tt1228705,Dustin Jacobs
tt1228705,Jennifer Lynne Johnson
tt1228705,Ralph Kampshoff
tt1228705,Robert E. Kerr
tt1228705,Mark Kubr
tt1228705,Kevin Lapsley
tt1228705,Cameron Lee
tt1228705,Jee-Yun Lee
tt1228705,Waymond Lee
tt1228705,Mathew Lorenceau
tt1228705,Christopher Maleki
tt1228705,Richard Markman
tt1228705,David L. Marston
tt1228705,Matt McColm
tt1228705,Bryan McCoy
tt1228705,Heather S. Michaels
tt1228705,Tony Montalbano
tt1228705,Ed Moy
tt1228705,Kinyumba Mutakabbir
tt1228705,Aryn Nelson
tt1228705,Delka Nenkova
tt1228705,Tony Nevada
tt1228705,Stephen P. Nick
tt1228705,Allison Ochmanek
tt1228705,Andrea-Nichole Olivas
tt1228705,Nicolas Pajon
tt1228705,Victor J.W. Pekarcik III
tt1228705,Joy Sydney Peters
tt1228705,Erin Pickett
tt1228705,Olivia Presley
tt1228705,Steven James Price
tt1228705,Kiana Prudhont
tt1228705,Kristin Quick
tt1228705,Tanner Alexander Redman
tt1228705,Tanoai Reed
tt1228705,Anthony J Sacco
tt1228705,Kelly Sarah Samuels
tt1228705,Tyler Schuelke
tt1228705,Torin Sixx
tt1228705,Peter Trenholm Smith
tt1228705,Grace Stanley
tt1228705,Douglas Swander
tt1228705,Michael A. Templeton
tt1228705,Denise Vasquez
tt1228705,Lucy Walsh
tt1228705,Peter Wrobell
tt1228705,Maria Zambrana
tt0800080,Edward Norton
tt0800080,Liv Tyler
tt0800080,Tim Roth
tt0800080,William Hurt
tt0800080,Tim Blake Nelson
tt0800080,Ty Burrell
tt0800080,Christina Cabot
tt0800080,Peter Mensah
tt0800080,Lou Ferrigno
tt0800080,Paul Soles
tt0800080,Débora Nascimento
tt0800080,Greg Bryk
tt0800080,Chris Owens
tt0800080,Al Vrkljan
tt0800080,Adrian Hein
tt0800080,John MacDonald
tt0800080,Shaun McComb
tt0800080,Simon Wong
tt0800080,Pedro Salvín
tt0800080,Julio Cesar Torres Dantas
tt0800080,Raimundo Camargo Nascimento
tt0800080,Nick Alachiotis
tt0800080,Jason Burke
tt0800080,Grant Nickalls
tt0800080,Joris Jarsky
tt0800080,Arnold Pinnock
tt0800080,Tig Fong
tt0800080,Jason Hunter
tt0800080,Maxwell McCabe-Lokos
tt0800080,David Collins
tt0800080,John Carvalho
tt0800080,Robin Wilcock
tt0800080,Wayne Robson
tt0800080,Javier Lambert
tt0800080,Martin Starr
tt0800080,Chris Ratz
tt0800080,Todd Hofley
tt0800080,Joe Lalogga
tt0800080,Tamsen McDonough
tt0800080,Michael Kenneth Williams
tt0800080,Roberto Bakker
tt0800080,Ruru Sacha
tt0800080,James Downing
tt0800080,Rickson Gracie
tt0800080,Stephen Gartner
tt0800080,Nicholas Rose
tt0800080,Genelle Williams
tt0800080,P.J. Kerr
tt0800080,Jee-Yun Lee
tt0800080,Desmond Campbell
tt0800080,DeShaun Clarke
tt0800080,Tony Nappo
tt0800080,Aaron Berg
tt0800080,David Meunier
tt0800080,Tre Smith
tt0800080,Moses Nyarko
tt0800080,Carlos A. González
tt0800080,Yan Regis
tt0800080,Stephen Broussard
tt0800080,Robert Morse
tt0800080,Matt Purdy
tt0800080,Lenka Matuska
tt0800080,Scott Magee
tt0800080,Wes Berger
tt0800080,Carla Nascimento
tt0800080,Krista Vendy
tt0800080,Mila Stromboni
tt0800080,Jim Annan
tt0800080,John Atkin
tt0800080,David Bianchi
tt0800080,Bill Bixby
tt0800080,JB Blanc
tt0800080,John Campea
tt0800080,Jon Cesar
tt0800080,Rick Cordeiro
tt0800080,Brandon Cruz
tt0800080,Scoot DeVille
tt0800080,Fabio Dorea
tt0800080,Robert Downey Jr.
tt0800080,Kieran Gallant
tt0800080,J.D. Hall
tt0800080,Jay Hunter
tt0800080,Dave Kiner
tt0800080,Stan Lee
tt0800080,Richard D. Leko
tt0800080,Jonathan Lipow
tt0800080,Kevin Lise
tt0800080,Dl MacDonald
tt0800080,David L. Marston
tt0800080,François Mequer
tt0800080,Ish Morris
tt0800080,Scott Murphy
tt0800080,Billy Parrott
tt0800080,Imali Perera
tt0800080,Kristina Pesic
tt0800080,Avi Phillips
tt0800080,Jeffrey W. Pike
tt0800080,Johnny Prince
tt0800080,T.J. Smith
tt0800080,Fred Tatasciore
tt0800080,Dylan Taylor
tt0800080,Max Topplin
tt0800080,Miyoshi Umeki
tt0800080,J.A. Worthington
tt0800080,Russell Yuen
tt3501632,Chris Hemsworth
tt3501632,Tom Hiddleston
tt3501632,Cate Blanchett
tt3501632,Idris Elba
tt3501632,Jeff Goldblum
tt3501632,Tessa Thompson
tt3501632,Karl Urban
tt3501632,Mark Ruffalo
tt3501632,Anthony Hopkins
tt3501632,Benedict Cumberbatch
tt3501632,Taika Waititi
tt3501632,Rachel House
tt3501632,Clancy Brown
tt3501632,Tadanobu Asano
tt3501632,Ray Stevenson
tt3501632,Zachary Levi
tt3501632,Georgia Blizzard
tt3501632,Amali Golden
tt3501632,Luke Hemsworth
tt3501632,Sam Neill
tt3501632,Charlotte Nicdao
tt3501632,Ash Ricardo
tt3501632,Shalom Brune-Franklin
tt3501632,Taylor Hemsworth
tt3501632,Cohen Holloway
tt3501632,Alia Seror-O'Neill
tt3501632,Sophia Laryea
tt3501632,Steven Oliver
tt3501632,Hamish Parkinson
tt3501632,Jasper Bagg
tt3501632,Sky Castanho
tt3501632,Shari Sebbens
tt3501632,Richard Green
tt3501632,Sol Castanho
tt3501632,Jet Tranter
tt3501632,Samantha Hopper
tt3501632,Eloise Winestock
tt3501632,Rob Mayes
tt3501632,Jordan Abbey-Young
tt3501632,Bashir Ally
tt3501632,Jade Amantea
tt3501632,Bridgette Armstrong
tt3501632,Brenton Ashe
tt3501632,Tier Ataing
tt3501632,David James Austin
tt3501632,Natalie Baker
tt3501632,Sydney Shea Barker
tt3501632,Donnie Baxter
tt3501632,Annisa Belonogoff
tt3501632,Lexy Bernardo
tt3501632,Hunter Stratton Boland
tt3501632,Otto Bots
tt3501632,Nicholas Burton
tt3501632,Rosco Campbell
tt3501632,Gabby Carbon
tt3501632,Greta Carew-Johns
tt3501632,Annikki Chand
tt3501632,Chris Charteris
tt3501632,Jo Christiaans
tt3501632,Brodie Cornish
tt3501632,Jacob Crawford
tt3501632,Matt Damon
tt3501632,Cameron Dean
tt3501632,Suzanne Dervish-Ali
tt3501632,Liam Hop Yek Dodds
tt3501632,Liam Donnelly
tt3501632,Brittany Dugan
tt3501632,Sasha Dulics
tt3501632,Aimee Duroux
tt3501632,Simon Durrell
tt3501632,Shinaed Evans
tt3501632,Tracie Filmer
tt3501632,Rachel Forsyth
tt3501632,Michael M. Foster
tt3501632,Melissa Frances
tt3501632,Sean Frazer
tt3501632,Daniel Goodwin
tt3501632,Adam Green
tt3501632,Charles Green
tt3501632,Andrew Groundwater
tt3501632,Sam Hargrave
tt3501632,Dylan Kai Harris
tt3501632,Roberto Harrison
tt3501632,Jared Hasmuk
tt3501632,Tahlia Jade Holt
tt3501632,Bobby Hoskins
tt3501632,Apollo Jackson
tt3501632,Charmain Jackson
tt3501632,Cale Kampers
tt3501632,Nathan Kennedy
tt3501632,Dean Kenny
tt3501632,Joel Knights
tt3501632,David Knijnenburg
tt3501632,Stephanie Kutty
tt3501632,Matt LaBorde
tt3501632,Demetri Landell
tt3501632,Alice Lanesbury
tt3501632,Liz Layton
tt3501632,Stan Lee
tt3501632,Braden Lewis
tt3501632,Jordan Lewis
tt3501632,Scott Loeser
tt3501632,Dan Logovik
tt3501632,Steven Lunavich
tt3501632,Alexandra MacDonald
tt3501632,Georgia Mae
tt3501632,Lambert Majambele
tt3501632,Mervyn Marriott
tt3501632,Tracey Lee Maxwell
tt3501632,Mollie McGregor
tt3501632,Sophia McGregor
tt3501632,Andrew S. McMillan
tt3501632,Declan McMurray
tt3501632,Abhishek Mehta
tt3501632,Salvatore Merenda
tt3501632,Anthony Miller
tt3501632,Paris Moletti
tt3501632,Sam Monaghan
tt3501632,Stephen Murdoch
tt3501632,Gideon Mzembe
tt3501632,Demetrice Nguyen
tt3501632,Jip Panosot
tt3501632,Kai Pantano
tt3501632,Anna Patch
tt3501632,Samuel Peacock
tt3501632,Damien Picketts
tt3501632,Erin Hayley Powell
tt3501632,Jon Quested
tt3501632,Greg Rementer
tt3501632,Martin Reyes
tt3501632,Stephanie Riggio
tt3501632,Lachlan Robbie
tt3501632,Paul Mitchell Rosenblum
tt3501632,Keen Ruffalo
tt3501632,Michael Stent
tt3501632,Ryan Tarran
tt3501632,Lara Thomas
tt3501632,Tennille Thomas
tt3501632,Josh Torr
tt3501632,Noa Tsuchiya
tt3501632,Krystal Vayda
tt3501632,Stephen Vining
tt3501632,Jason Virgil
tt3501632,Beatrice Ward
tt3501632,Ken Watanabe
tt3501632,Chelsea Winstanley
tt3501632,Tara Wraith
tt3501632,Mikey Wulff
tt3501632,Elizabeth Xu
tt3501632,Mike Zarate
tt3501632,Connor Zegenhagen
tt0800369,Chris Hemsworth
tt0800369,Natalie Portman
tt0800369,Tom Hiddleston
tt0800369,Anthony Hopkins
tt0800369,Stellan Skarsgård
tt0800369,Kat Dennings
tt0800369,Clark Gregg
tt0800369,Colm Feore
tt0800369,Idris Elba
tt0800369,Ray Stevenson
tt0800369,Tadanobu Asano
tt0800369,Josh Dallas
tt0800369,Jaimie Alexander
tt0800369,Rene Russo
tt0800369,Adriana Barraza
tt0800369,Maximiliano Hernández
tt0800369,Richard Cetrone
tt0800369,Darren Kendrick
tt0800369,Josh Coxx
tt0800369,Justice Smith Jr.
tt0800369,Joseph Gatt
tt0800369,Luke Massy
tt0800369,Matt Ducey
tt0800369,Jason Camp
tt0800369,Buddy Sosthand
tt0800369,Blake Silver
tt0800369,Jamie McShane
tt0800369,Dale Godboldo
tt0800369,Patrick O'Brien Demsey
tt0800369,Jim Palmer
tt0800369,Seth Coltan
tt0800369,J. Michael Straczynski
tt0800369,Ryan Schaefer
tt0800369,Matt Battaglia
tt0800369,Stan Lee
tt0800369,Joel McCrary
tt0800369,Isaac Kappy
tt0800369,Juliet Lopez
tt0800369,Rob Mars
tt0800369,Carrie Lazar
tt0800369,Harley Graham
tt0800369,Alexander Wright
tt0800369,Hilary Pingle
tt0800369,Shawn-Caulin Young
tt0800369,Kinsey McLean
tt0800369,Kelly Hawthorne
tt0800369,Dakota Goyo
tt0800369,Ted Allpress
tt0800369,Martin Edward Andazola
tt0800369,Chris Antonini
tt0800369,David Bantly
tt0800369,Vanessa Bednar
tt0800369,Todd Bethke
tt0800369,Troy Brenna
tt0800369,Adam Critchlow
tt0800369,Michelle Csitos
tt0800369,Rachel de la Torre
tt0800369,Elizabeth Dean
tt0800369,Rick L. Dean
tt0800369,Pat Duke
tt0800369,Jeremy Dunn
tt0800369,Kimberly Evan
tt0800369,Lorena Fernández
tt0800369,Derek Graf
tt0800369,Brice Harris
tt0800369,Eric Holloway
tt0800369,Samuel L. Jackson
tt0800369,Jasyn Jefferies
tt0800369,Courtney Jones
tt0800369,Corey Jovan
tt0800369,James Kimball
tt0800369,Julio Leal
tt0800369,Raven Lewis
tt0800369,David L. Marston
tt0800369,Jonaral Martin
tt0800369,Keith Middlebrook
tt0800369,Conor Moriarty
tt0800369,Nabil Nona
tt0800369,Martin Palmer
tt0800369,Terry Dale Parks
tt0800369,Francisco Peramos
tt0800369,Taylor Reed
tt0800369,Jeremy Renner
tt0800369,Anthony J Sacco
tt0800369,Tanissa Potrovitza Schoen
tt0800369,Shaun V. Scott
tt0800369,Joel Shock
tt0800369,Walter Simonson
tt0800369,Six Smith
tt0800369,Jimmy Star
tt0800369,Michael E. Stogner
tt0800369,Douglas Tait
tt0800369,Daniel Triplehorn
tt0800369,Deena Trudy
tt0800369,Matthew Trujillo
tt0800369,Clay von Carlowitz
tt0800369,Travis Willingham
tt1981115,Chris Hemsworth
tt1981115,Natalie Portman
tt1981115,Tom Hiddleston
tt1981115,Anthony Hopkins
tt1981115,Christopher Eccleston
tt1981115,Jaimie Alexander
tt1981115,Zachary Levi
tt1981115,Ray Stevenson
tt1981115,Tadanobu Asano
tt1981115,Idris Elba
tt1981115,Rene Russo
tt1981115,Adewale Akinnuoye-Agbaje
tt1981115,Kat Dennings
tt1981115,Stellan Skarsgård
tt1981115,Alice Krige
tt1981115,Clive Russell
tt1981115,Jonathan Howard
tt1981115,Ramone Morgan
tt1981115,Obada Alassadi
tt1981115,Imaan Chentouf
tt1981115,Claire Brown
tt1981115,Henry Calcutt
tt1981115,Ava Caton
tt1981115,Abbie McCann
tt1981115,Thomas Arnold
tt1981115,Sam Swainsbury
tt1981115,Connor Donaghey
tt1981115,Royce Pierreson
tt1981115,Annabel Norbury
tt1981115,Sophie Cosson
tt1981115,Chris O'Dowd
tt1981115,Justin Edwards
tt1981115,Gruffudd Glyn
tt1981115,Richard Brake
tt1981115,Stan Lee
tt1981115,Steve Scott
tt1981115,Brett Tucker
tt1981115,Talulah Riley
tt1981115,Richard Wharton
tt1981115,Leonardo Amato
tt1981115,Alyson Andrews
tt1981115,Jason Beeston
tt1981115,Gintare Beinoraviciute
tt1981115,Lukas Bennett
tt1981115,Conor Boru
tt1981115,Jason Bostridge
tt1981115,Jay E Brown
tt1981115,Roseanna Brown
tt1981115,Caleb Campbell
tt1981115,Joe Cash
tt1981115,Greg Chun
tt1981115,Bern Collaço
tt1981115,Gary Comerford
tt1981115,Andrew Crayford
tt1981115,Adam Critchlow
tt1981115,Tony Curran
tt1981115,Rydell Danzie
tt1981115,Benicio Del Toro
tt1981115,Aj DeLeon
tt1981115,Chris Evans
tt1981115,Chloe Farnworth
tt1981115,Martin Fox
tt1981115,Roshawn Franklin
tt1981115,Caroline Garnell
tt1981115,Lana Gautier
tt1981115,Bella Ava Georgiou
tt1981115,Justin G. Gibson
tt1981115,Alex Gillison
tt1981115,Steven Hack
tt1981115,Erkan Halil
tt1981115,Lindy Hennessy
tt1981115,Michael Hennessy
tt1981115,Leigh Holland
tt1981115,Jon Ioannou
tt1981115,Corey Jovan
tt1981115,Nammie Khudree
tt1981115,Jon Kocel
tt1981115,Kamay Lau
tt1981115,Ophelia Lovibond
tt1981115,David L. Marston
tt1981115,Aman Mehra
tt1981115,Charles Moss
tt1981115,Rosie O'Sullivan
tt1981115,Richard Ochampaugh
tt1981115,Alannah Olivia
tt1981115,Paul J. Porter
tt1981115,Lilian Price
tt1981115,James Michael Rankin
tt1981115,Ricky Ryba
tt1981115,Evie Ryland
tt1981115,Shane Salter
tt1981115,Andrew Scott-Marshall
tt1981115,Graham Shiels
tt1981115,Matthew Skomo
tt1981115,Glen Stanway
tt1981115,Julian Stone
tt1981115,Tom Swacha
tt1981115,Peter Theobalds
tt1981115,Mariano Venida
tt1981115,Paul Warren
tt1981115,Richard Whiten
tt1981115,Bryan Michael Williams
tt1981115,Christian Wolf-La'Moy
tt0458339,Chris Evans
tt0458339,Hayley Atwell
tt0458339,Sebastian Stan
tt0458339,Tommy Lee Jones
tt0458339,Hugo Weaving
tt0458339,Dominic Cooper
tt0458339,Richard Armitage
tt0458339,Stanley Tucci
tt0458339,Samuel L. Jackson
tt0458339,Toby Jones
tt0458339,Neal McDonough
tt0458339,Derek Luke
tt0458339,Kenneth Choi
tt0458339,JJ Feild
tt0458339,Bruno Ricci
tt0458339,Lex Shrapnel
tt0458339,Michael Brandon
tt0458339,Martin Sherman
tt0458339,Natalie Dormer
tt0458339,Oscar Pearce
tt0458339,William Hope
tt0458339,Nicholas Pinnock
tt0458339,Marek Oravec
tt0458339,David Bradley
tt0458339,Leander Deeny
tt0458339,Sam Hoare
tt0458339,Simon Kunz
tt0458339,Kieran O'Connor
tt0458339,Jenna Coleman
tt0458339,Sophie Colquhoun
tt0458339,Doug Cockle
tt0458339,Ben Batt
tt0458339,Mollie Fitzgerald
tt0458339,Damon Driver
tt0458339,David McKail
tt0458339,Amanda Walker
tt0458339,Richard Freeman
tt0458339,Katherine Press
tt0458339,Sergio James
tt0458339,Marcello Walton
tt0458339,Vincent Montuel
tt0458339,Fabrizio Santino
tt0458339,Maxwell Newman
tt0458339,Anatole Taubman
tt0458339,Jan Pohl
tt0458339,Erich Redman
tt0458339,Rosanna Hoult
tt0458339,Naomi Slights
tt0458339,Kirsty Mather
tt0458339,Megan Sanderson
tt0458339,Darren Simpson
tt0458339,Fernanda Toker
tt0458339,Laura Haddock
tt0458339,James Payton
tt0458339,Ronan Raftery
tt0458339,Nick Hendrix
tt0458339,Luke Allen-Gale
tt0458339,Jack Gordon
tt0458339,Benjamin Uttley
tt0458339,Kevin Millington
tt0458339,Patrick Monckeberg
tt0458339,Peter Stark
tt0458339,Amanda Righetti
tt0458339,Jennifer Abbotts
tt0458339,Michelle Antrobus
tt0458339,Lucy Dean
tt0458339,Erin Dusek
tt0458339,Nicole Evans
tt0458339,Lizzi Franklin
tt0458339,Emma Harris
tt0458339,Rachael Isherwood
tt0458339,Danielle Kelly
tt0458339,Nicole May
tt0458339,Stevie-Jean McGuire
tt0458339,Anna McNicholas
tt0458339,Rosie Pethullis
tt0458339,Jessica Powell
tt0458339,Rai Quartley
tt0458339,Sarah Riches
tt0458339,Holly Rostron
tt0458339,Caroline Royce
tt0458339,Stephanie Jayne Thompson
tt0458339,Lucie Waugh
tt0458339,Billy Lozowski
tt0458339,Gregory Paulett
tt0458339,Adam Birch
tt0458339,Adam Kent
tt0458339,Wiliam Morris
tt0458339,David Sdall
tt0458339,Paul Simmons
tt0458339,Marc Wheeler
tt0458339,Chris Diggle
tt0458339,Michael Humphrey
tt0458339,Raed Abbas
tt0458339,Esme Allen-Quarmby
tt0458339,Colin Alltree
tt0458339,Michael Aston
tt0458339,Mark Badham
tt0458339,Paul Bergquist
tt0458339,Christian Black
tt0458339,Paul Blackwell
tt0458339,Mark Callum
tt0458339,Will Carlson
tt0458339,James Chahine
tt0458339,Will Chambers
tt0458339,David Chant
tt0458339,Jason Alexander Charchan
tt0458339,Robert Clayton
tt0458339,Jack Conway
tt0458339,James Currie
tt0458339,Graham Curry
tt0458339,Eddie Davenport
tt0458339,Paul Davies
tt0458339,Ross Donnelly
tt0458339,Liam Elcoat
tt0458339,Joshua Ferdinand
tt0458339,Sam Fink
tt0458339,Scott Ford
tt0458339,Spencer Garrett
tt0458339,Joe Garvey
tt0458339,Rich Goble
tt0458339,Drew Gregory
tt0458339,Salem Hanna
tt0458339,James Hare
tt0458339,Michael Hennessy
tt0458339,Leigh Holland
tt0458339,Jacqueline Honulik
tt0458339,Vera Horton
tt0458339,Tim Howard
tt0458339,Sonja Isabella
tt0458339,Tobias James-Samuels
tt0458339,Todd Von Joel
tt0458339,Jacob Johnston
tt0458339,Chris Jorie
tt0458339,John Samuel Kande
tt0458339,Matt Kohler
tt0458339,Stan Lee
tt0458339,Steve Leighton
tt0458339,Addison LeMay
tt0458339,Alan Mandel
tt0458339,Josh Margulies
tt0458339,Anthony Milton
tt0458339,Michael Mulqueen
tt0458339,Brian Niblett
tt0458339,Nathan Nolan
tt0458339,Richard Norris
tt0458339,Martin Poole
tt0458339,Christopher Poultney
tt0458339,Eric Reeve
tt0458339,Colin Reilly
tt0458339,Nathan Robinson
tt0458339,Geoff Rolph
tt0458339,Shane Salter
tt0458339,Geoff Searle
tt0458339,Drew Sherman
tt0458339,Colin Stinton
tt0458339,Michael Swan
tt0458339,Jayme Swiftt
tt0458339,Shaun Troke
tt0458339,Sy Turner
tt0458339,Matt Tyzack
tt0458339,Chris Wilson
tt3498820,Chris Evans
tt3498820,Robert Downey Jr.
tt3498820,Scarlett Johansson
tt3498820,Sebastian Stan
tt3498820,Anthony Mackie
tt3498820,Don Cheadle
tt3498820,Jeremy Renner
tt3498820,Chadwick Boseman
tt3498820,Paul Bettany
tt3498820,Elizabeth Olsen
tt3498820,Paul Rudd
tt3498820,Emily VanCamp
tt3498820,Tom Holland
tt3498820,Daniel Brühl
tt3498820,Frank Grillo
tt3498820,William Hurt
tt3498820,Martin Freeman
tt3498820,Marisa Tomei
tt3498820,John Kani
tt3498820,John Slattery
tt3498820,Hope Davis
tt3498820,Alfre Woodard
tt3498820,Michael A. Cook
tt3498820,Laughton Parchment
tt3498820,Jackson Spidell
tt3498820,Yi Long
tt3498820,Heidi Moneymaker
tt3498820,Aaron Toney
tt3498820,Cale Schultz
tt3498820,Ann Russo
tt3498820,Gene Farber
tt3498820,Florence Kasumba
tt3498820,Cornell John
tt3498820,Sven Hönig
tt3498820,Josh Peck
tt3498820,Brent McGee
tt3498820,Be Satrazemis
tt3498820,Blair Jasin
tt3498820,Oliver Bigalke
tt3498820,Rafael Banasik
tt3498820,David de Vries
tt3498820,John Curran
tt3498820,Katie Amess
tt3498820,Austin Saunders
tt3498820,Brett Gentile
tt3498820,Matthew Anderson
tt3498820,Andrew Botchwey
tt3498820,Chase Bradfield
tt3498820,Ernest Charles
tt3498820,Hendricks Coates
tt3498820,Ethan Condon
tt3498820,Shen Dynes
tt3498820,Nathaniel Ellis
tt3498820,Jariah Ferguson
tt3498820,Evan Ffrench
tt3498820,Justin Freeman
tt3498820,Ralphael Grand'Pierre
tt3498820,Julian Grimes
tt3498820,Aaron Hayes
tt3498820,Austin Hooper
tt3498820,Amiri Jones
tt3498820,Myles Joseph
tt3498820,Stephen Lewis
tt3498820,Jacob Ludwick
tt3498820,D'Mahrei McRae
tt3498820,Ashwin Mudaliar
tt3498820,Eli Ollinger
tt3498820,Parker Pape
tt3498820,Daniel Parada
tt3498820,Jonah Ruffin
tt3498820,Darryl Sampson
tt3498820,Cameron Sardone
tt3498820,Stanley Sellers
tt3498820,Miles Selles
tt3498820,Jacob Sung
tt3498820,Caden Wilkinson
tt3498820,Kim Scar
tt3498820,Jessica Walther-Gabory
tt3498820,Beniamino Brogi
tt3498820,Silvina Buchbauer
tt3498820,Henry Amadi
tt3498820,Ugochukwu Ani
tt3498820,Michael Anthony Rogers
tt3498820,Damion Poitier
tt3498820,Umar Khan
tt3498820,David E. Brown
tt3498820,Guy Fernandez
tt3498820,Jim Rash
tt3498820,Sophia Russo
tt3498820,Joe Russo
tt3498820,Stan Lee
tt3498820,Amelia Morck
tt3498820,Kerry Condon
tt3498820,Julianna Guill
tt3498820,Surely Alvelo
tt3498820,Brian Schaeffer
tt3498820,Kevin LaRosa Jr.
tt3498820,Al Cerullo
tt3498820,Frédéric North
tt3498820,Mohamed Abdulla
tt3498820,Chris Jai Alex
tt3498820,Tory L. Beckham
tt3498820,Jessie Bell
tt3498820,Carsten Berger
tt3498820,Jae Bireley
tt3498820,Larry Blanks
tt3498820,Tanner Michael Bradberry
tt3498820,Jason Bray
tt3498820,Bricine Brown
tt3498820,Tyler Carden
tt3498820,Kadrolsha Ona Carole
tt3498820,Lucie Carroll
tt3498820,Gregory Lee Cason
tt3498820,Kevin Christenson
tt3498820,Teo Ciltia
tt3498820,Chuck Clark
tt3498820,Robert Clotworthy
tt3498820,Jameson Jamey Copeland
tt3498820,Nicholas Cordts
tt3498820,Marisol Correa
tt3498820,Missy Crowder-Compton
tt3498820,Michael D'Amico
tt3498820,Laura Dünnwald
tt3498820,Justin East
tt3498820,Dirk Ellis
tt3498820,Mark Falvo
tt3498820,Jeremiah Fewell
tt3498820,Carlos V. Flores
tt3498820,Shawron Gaffney
tt3498820,Candiss Nicole Gandy
tt3498820,Brent Moorer Gaskins
tt3498820,Devan Gerlach
tt3498820,Tahseen Ghauri
tt3498820,Jeff Glover
tt3498820,Martavius Gunn
tt3498820,Austin Handle
tt3498820,Beverly Hanley
tt3498820,Cody Mark Hanna
tt3498820,De'Adrian Harmon
tt3498820,Anthony B. Harris
tt3498820,Rory Healy
tt3498820,Kimberly Hester Huffstetler
tt3498820,Ifeyinwa
tt3498820,Lainey Kloes
tt3498820,Steve Knoll
tt3498820,Sanya Kongdara
tt3498820,Michael Koske
tt3498820,Inder Kumar
tt3498820,Dominic M. Lee
tt3498820,Adrian Lockett
tt3498820,Stephanie Long
tt3498820,Rogelio Lorenzo
tt3498820,Daniel Lucente
tt3498820,Phil Mallon
tt3498820,Aaron Manning
tt3498820,Dorry Marie
tt3498820,Michael Marx
tt3498820,Alberto Tito Matos Jr.
tt3498820,Taylor McPherson
tt3498820,Michael Mercaldi
tt3498820,Duane Moseley
tt3498820,Rob Muller
tt3498820,Dennis Oestreich
tt3498820,Rajeev Pahuja
tt3498820,Courtney Pennington
tt3498820,Anna Phillips
tt3498820,Letecia Reeder
tt3498820,Lare Roberts
tt3498820,Anthony J Sacco
tt3498820,Patti Schellhaas
tt3498820,Daniel Patrick Shook
tt3498820,Jason Shwartz
tt3498820,Mike Sibley
tt3498820,Jay Silla
tt3498820,Manesh k Singh
tt3498820,Yvonne Singh
tt3498820,Lindsay Small Barrios
tt3498820,Megan Monaghan Smith
tt3498820,Jason Speer
tt3498820,Jimmy Star
tt3498820,Doug Stroup
tt3498820,Chris Theisinger
tt3498820,Sarai Tinck
tt3498820,John Vaughan
tt3498820,Emma Ve
tt3498820,Kent Wagner
tt3498820,Erick Wofford
tt3498820,Jane Wu
tt3498820,Kim Yannayon
tt3498820,Jonathan Yaskoff
tt3498820,Alexander Yassin
tt3498820,Alex Zelenka
tt1843866,Chris Evans
tt1843866,Samuel L. Jackson
tt1843866,Scarlett Johansson
tt1843866,Robert Redford
tt1843866,Sebastian Stan
tt1843866,Anthony Mackie
tt1843866,Cobie Smulders
tt1843866,Frank Grillo
tt1843866,Maximiliano Hernández
tt1843866,Emily VanCamp
tt1843866,Hayley Atwell
tt1843866,Toby Jones
tt1843866,Stan Lee
tt1843866,Callan Mulvey
tt1843866,Jenny Agutter
tt1843866,Bernard White
tt1843866,Alan Dale
tt1843866,Chin Han
tt1843866,Garry Shandling
tt1843866,Georges St-Pierre
tt1843866,Salvator Xuereb
tt1843866,Brian Duffy
tt1843866,Zack Duhame
tt1843866,Adetokumboh M'Cormack
tt1843866,Christopher George Sarris
tt1843866,Aaron Himelstein
tt1843866,Allan Chanes
tt1843866,Joe Russo
tt1843866,Christopher Markus
tt1843866,Stephen McFeely
tt1843866,Pat Healy
tt1843866,Ed Brubaker
tt1843866,D.C. Pierson
tt1843866,Danny Pudi
tt1843866,Bernard Zilinskas
tt1843866,Branka Katic
tt1843866,Angela Russo-Otstot
tt1843866,Jon Sklaroff
tt1843866,Chad Todhunter
tt1843866,Abigail Marlowe
tt1843866,Jeremy Maxwell
tt1843866,Emerson Brooks
tt1843866,Evan Parke
tt1843866,Ricardo Chacon
tt1843866,Griff Allen
tt1843866,Ann Russo
tt1843866,Joe Rosalina
tt1843866,Michael Debeljak
tt1843866,Eddie J. Fernandez
tt1843866,Jody Hart
tt1843866,Steven Culp
tt1843866,Derek Hughes
tt1843866,Wendy Hoopes
tt1843866,Iman Nazemzadeh
tt1843866,Dominic Rains
tt1843866,Charles Wittman
tt1843866,Andy Martinez Jr.
tt1843866,Michael De Geus
tt1843866,Terence O'Rourke
tt1843866,Anne Grimenstein
tt1843866,Dante Rosalina
tt1843866,Robert Clotworthy
tt1843866,June Christopher
tt1843866,Gary Sinise
tt1843866,Davis Aguila
tt1843866,Karen Gadson Alexander
tt1843866,Tex Allen
tt1843866,Dan Anders
tt1843866,Cullum Andrews
tt1843866,Diedra Arthur-O'Ree
tt1843866,Ben Atkins
tt1843866,Thomas R. Baker
tt1843866,Dean Barlage
tt1843866,Dyrell Barnett
tt1843866,Shaira Barton
tt1843866,David Biedrzycki
tt1843866,J. Blakemore
tt1843866,Troy Bogdan
tt1843866,Sharita Bone
tt1843866,Nicolas Bosc
tt1843866,Colin Botts
tt1843866,Ken Bray
tt1843866,Drew Breeden
tt1843866,Cristee Brianas
tt1843866,Kathryn Bright
tt1843866,John Brooks Jr.
tt1843866,Brittany Buck
tt1843866,Jeremy Michael Burns
tt1843866,Amanda Burry
tt1843866,Travis Allen Bush
tt1843866,Jose W. Byers
tt1843866,Rachel Camacho
tt1843866,Ulysses E. Campbell
tt1843866,Steven Thomas Capp
tt1843866,Cullen G. Chambers
tt1843866,Sandhya Chandel
tt1843866,Michael V. Chastain
tt1843866,Giles Clarke
tt1843866,David Cohen
tt1843866,Joel Cole
tt1843866,Adrian Coles
tt1843866,Andrew Constantini
tt1843866,Kelly Copeland
tt1843866,Martin Cremer
tt1843866,Layla Cushman
tt1843866,Guy Cusson
tt1843866,Rydell Danzie
tt1843866,Alan Davis
tt1843866,Rick L. Dean
tt1843866,Rick Dremann
tt1843866,Damon Driver
tt1843866,Alex Drummond III
tt1843866,Bruce Drummond
tt1843866,Shannon Edwards
tt1843866,Michael Eric
tt1843866,Mark Falvo
tt1843866,John Fecek
tt1843866,Rod Fielder
tt1843866,Roshawn Franklin
tt1843866,Alvin J. Frazier II
tt1843866,Logan Fry
tt1843866,Lauren Gabbard
tt1843866,Carmen Gangale
tt1843866,Bryan Geary
tt1843866,JoAnna Leigh Gerondale
tt1843866,Nicholas Gibeault
tt1843866,Shawn Gonzalez
tt1843866,Henry Goodman
tt1843866,David Gragg
tt1843866,Rylend Grant
tt1843866,Philip Greene
tt1843866,Dot Gregory
tt1843866,Jordan Greytak
tt1843866,Beshoy Hanna
tt1843866,Aswan Harris
tt1843866,Carmen Dee Harris
tt1843866,Kriz Chris Henri Harriz
tt1843866,Brian Hartong
tt1843866,Nate Hatton
tt1843866,Josh Heileman
tt1843866,Dominique Henderson
tt1843866,Rachel Herrick
tt1843866,David Hill
tt1843866,Hamilton Ray Hodge
tt1843866,James Howard
tt1843866,Raiden Integra
tt1843866,Johnathon L. Jackson
tt1843866,Chris Jameson
tt1843866,Domaine Javier
tt1843866,Vimalraj Jayaseelan
tt1843866,Christopher Kaczmarek
tt1843866,Mike Karban
tt1843866,Bill Kennedy
tt1843866,Robert E. Kerr
tt1843866,Andrew Kiser
tt1843866,Kevin Kissig
tt1843866,Jason Klingensmith
tt1843866,Sharyn Kmieciak
tt1843866,Tara Kodosky
tt1843866,Thomas Kretschmann
tt1843866,Inder Kumar
tt1843866,Justin Lally
tt1843866,Jennifer Lavi
tt1843866,Annette Lawless
tt1843866,Kris Leiter
tt1843866,James Lewis
tt1843866,Lucas Lind
tt1843866,Scott Lockhart
tt1843866,Carlos Lopez Jr.
tt1843866,George Ludden
tt1843866,Les Mahoney
tt1843866,Phil Mallon
tt1843866,David L. Marston
tt1843866,Charlene May
tt1843866,Joseph McCaughtry
tt1843866,Terry McConnaughey
tt1843866,Kayla McDonald
tt1843866,Orlando McNary
tt1843866,Neal McNeil
tt1843866,Britney Meeks
tt1843866,Justin Mitchiner
tt1843866,Brian R. Moore
tt1843866,Tony Moore
tt1843866,Sue Danna Myer
tt1843866,Paul Nandzik
tt1843866,Donn R. Nottage
tt1843866,Elizabeth Olsen
tt1843866,Philip Ongert
tt1843866,Roger Petan
tt1843866,Edward Pfeifer
tt1843866,Jenna Pichot
tt1843866,Bryan Pixler
tt1843866,Paul J. Porter
tt1843866,Sage Porter
tt1843866,LaTrallo Presley
tt1843866,Kristina Randjelovic
tt1843866,Marse Ratliff
tt1843866,Martin Reese
tt1843866,Brent Reichert
tt1843866,Katana Ren
tt1843866,Danea Rhodes
tt1843866,Vincent Riviezzo
tt1843866,Paul David Roberts
tt1843866,Jason Rocco
tt1843866,Earl Rorer
tt1843866,Trent Rowland
tt1843866,Gabriella Sagnes
tt1843866,Jostein Sagnes
tt1843866,Brenda Sampson
tt1843866,Lynda Santa
tt1843866,Melissa Santiago
tt1843866,Jason G. Sarris
tt1843866,Debbie Scaletta
tt1843866,Robert B. Schneider IV
tt1843866,Jeff Seich
tt1843866,Nestor Serrano
tt1843866,Tom Shafer
tt1843866,Christina Shaffer
tt1843866,Joel Shock
tt1843866,Michael Simpson Jr.
tt1843866,Matthew Skomo
tt1843866,Kevin Slone
tt1843866,Al Sotto
tt1843866,Jason Speer
tt1843866,Darryl D. Stewart
tt1843866,Patrick Michael Strange
tt1843866,Jason Tait
tt1843866,Derek Talib
tt1843866,Aaron Taylor-Johnson
tt1843866,Simmie Terrell
tt1843866,Joel Thingvall
tt1843866,Robert P. Thitoff
tt1843866,B.A. Tobin
tt1843866,Nicole Tubbs
tt1843866,Ron Underdahl
tt1843866,Jason L. Wang
tt1843866,Christopher Warner
tt1843866,Lawrence Whitener
tt1843866,Joseph Wilson
tt1843866,Jasmine With
tt1843866,Xavier Wolf
tt1843866,Travis Wong
tt1843866,Theresa Wylie
tt1843866,Mitchell Yee
tt1843866,Jimmel Young
tt2015381,Chris Pratt
tt2015381,Zoe Saldana
tt2015381,Dave Bautista
tt2015381,Vin Diesel
tt2015381,Bradley Cooper
tt2015381,Lee Pace
tt2015381,Michael Rooker
tt2015381,Karen Gillan
tt2015381,Djimon Hounsou
tt2015381,John C. Reilly
tt2015381,Glenn Close
tt2015381,Benicio Del Toro
tt2015381,Laura Haddock
tt2015381,Sean Gunn
tt2015381,Peter Serafinowicz
tt2015381,Christopher Fairbank
tt2015381,Krystian Godlewski
tt2015381,Wyatt Oleff
tt2015381,Gregg Henry
tt2015381,Janis Ahern
tt2015381,Solomon Mousley
tt2015381,Lindsay Morton
tt2015381,Robert Firth
tt2015381,Melia Kreiling
tt2015381,Tom Proctor
tt2015381,Nick Holmes
tt2015381,Max Wrottesley
tt2015381,Stan Lee
tt2015381,Nicole Alexandra Shipley
tt2015381,Sharif Atkins
tt2015381,Brendan Fehr
tt2015381,Tomas Arana
tt2015381,Mikaela Hoover
tt2015381,Emmett J Scanlan
tt2015381,Dominic Grant
tt2015381,Spencer Wilding
tt2015381,Alison Lintott
tt2015381,Alexis Rodney
tt2015381,Nathan Fillion
tt2015381,Keeley Forsyth
tt2015381,Frank Gilhooley
tt2015381,Alexis Denisof
tt2015381,Enzo Cilenti
tt2015381,Richard Katz
tt2015381,Enoch Frost
tt2015381,Ronan Summers
tt2015381,Ophelia Lovibond
tt2015381,Laura Ortiz
tt2015381,Marama Corlett
tt2015381,Rosie Jones
tt2015381,Abidemi Sobande
tt2015381,Alex Rose
tt2015381,Ekaterina Zalitko
tt2015381,Emily Redding
tt2015381,Fred
tt2015381,Stephen Blackehart
tt2015381,Jennifer Moylan-Taylor
tt2015381,Bruce Mackinnon
tt2015381,Ralph Ineson
tt2015381,Rob Zombie
tt2015381,Naomi Ryan
tt2015381,John Brotherton
tt2015381,Graham Shiels
tt2015381,James Gunn
tt2015381,Douglas Robson
tt2015381,Rachel Cullen
tt2015381,Isabella Poynton
tt2015381,Imogen Poynton
tt2015381,David Yarovesky
tt2015381,Miriam Lucia
tt2015381,Raed Abbas
tt2015381,Adrian Allan
tt2015381,Freddie Andrews
tt2015381,Habib Anibaba
tt2015381,Eddie Bammeke
tt2015381,Helen Banks
tt2015381,Tyler Bates
tt2015381,Marco Biagioli
tt2015381,Richard Blenkiron
tt2015381,David Booth
tt2015381,Josh Brolin
tt2015381,Tatiana Natalia Carpenter
tt2015381,Joanna Chamberlain
tt2015381,Bern Collaço
tt2015381,Rowan Cox
tt2015381,Alysson Da Silva
tt2015381,Marianna Dean
tt2015381,Wayne Devlin
tt2015381,Simara Dixon
tt2015381,Jadey Duffield
tt2015381,Barny DuPlessis
tt2015381,Mark Falvo
tt2015381,Kristen Fick
tt2015381,Gracie Fitch
tt2015381,Melissa Galloway
tt2015381,Alex Gillison
tt2015381,Sophie Gooding
tt2015381,Henry Goodrich
tt2015381,Seth Green
tt2015381,Victoria Gugenheim
tt2015381,Simon Hatt
tt2015381,Lindy Hennessy
tt2015381,Leigh Holland
tt2015381,Pete Buzzsaw Holland
tt2015381,James Walton Ingham
tt2015381,Lee Edward Jones
tt2015381,Lloyd Kaufman
tt2015381,Jonathan Lipow
tt2015381,Matt Lott
tt2015381,David L. Marston
tt2015381,Matthew David McCarthy
tt2015381,Stephen McDade
tt2015381,Erica Melargo
tt2015381,Serhat Metin
tt2015381,Sandeep Mohan
tt2015381,Nigel Murfitt
tt2015381,Emeson Nwolie
tt2015381,Oreo
tt2015381,Louise Port
tt2015381,Joseph Quartson
tt2015381,Deborah Rosan
tt2015381,Gordon Round
tt2015381,Steve Saunders
tt2015381,Andrew Scott-Marshall
tt2015381,Julian Seager
tt2015381,Gigi Siegel
tt2015381,Clem So
tt2015381,Adrian South
tt2015381,Jimmy Star
tt2015381,Peter Theobalds
tt2015381,Tom Tremayne
tt2015381,Wesley Von Spears
tt2015381,Paul Warren
tt3896198,Chris Pratt
tt3896198,Zoe Saldana
tt3896198,Dave Bautista
tt3896198,Vin Diesel
tt3896198,Bradley Cooper
tt3896198,Michael Rooker
tt3896198,Karen Gillan
tt3896198,Pom Klementieff
tt3896198,Sylvester Stallone
tt3896198,Kurt Russell
tt3896198,Elizabeth Debicki
tt3896198,Chris Sullivan
tt3896198,Sean Gunn
tt3896198,Tommy Flanagan
tt3896198,Laura Haddock
tt3896198,Aaron Schwartz
tt3896198,Hannah Harlow
tt3896198,Hilty Bowen
tt3896198,Ben Browder
tt3896198,Alex Klein
tt3896198,Luke Cook
tt3896198,Evan Jones
tt3896198,Joe Fria
tt3896198,Terence Rosemore
tt3896198,Jimmy Urine
tt3896198,Stephen Blackehart
tt3896198,Steve Agee
tt3896198,Blondy Baruti
tt3896198,Richard Christy
tt3896198,Rob Zombie
tt3896198,Sierra Love
tt3896198,Kendra Carelli
tt3896198,Milynn Sarley
tt3896198,Seth Green
tt3896198,Molly C. Quinn
tt3896198,Michael Rosenbaum
tt3896198,Rhoda Griffis
tt3896198,Stan Lee
tt3896198,David Hasselhoff
tt3896198,Mac Wells
tt3896198,James Gunn Sr.
tt3896198,Leota Gunn
tt3896198,Elizabeth Faith Ludlow
tt3896198,Wyatt Oleff
tt3896198,Gregg Henry
tt3896198,Damita Jane Howard
tt3896198,Ving Rhames
tt3896198,Michelle Yeoh
tt3896198,Lawrence 'Omega' Edwards
tt3896198,John Jacob Anderson
tt3896198,James Campbell
tt3896198,Donny Carrington
tt3896198,Brian Clackley
tt3896198,Miley Cyrus
tt3896198,Nea Dune
tt3896198,Duke Edson
tt3896198,Mike Escamilla
tt3896198,Fred
tt3896198,Kevin Galbraith
tt3896198,Elan Gale
tt3896198,Fred Galle
tt3896198,Tahseen Ghauri
tt3896198,Jeff Goldblum
tt3896198,Joe Heath
tt3896198,Alphonso A'Qen-Aten Jackson
tt3896198,Rodney L. James
tt3896198,Don Johnson
tt3896198,Michael Koske
tt3896198,Heather Lupex
tt3896198,Andrew S. McMillan
tt3896198,Donald K. Overstreet
tt3896198,My'Chyl Purr
tt3896198,Kimberly Rayman
tt3896198,Guillermo Rodriguez
tt3896198,Sebastian Siegel
tt3896198,Jason Speer
tt3896198,Eddie Terrill
tt3896198,Josh Tipis
tt3896198,Stephen Vining
tt3896198,Chad J. Wagner
tt3896198,Kent Wagner
tt3896198,Jason Williams
tt3896198,Bo Yokely
tt3896198,Cheyanna Lavon Zubas
tt2395427,Robert Downey Jr.
tt2395427,Chris Hemsworth
tt2395427,Mark Ruffalo
tt2395427,Chris Evans
tt2395427,Scarlett Johansson
tt2395427,Jeremy Renner
tt2395427,James Spader
tt2395427,Samuel L. Jackson
tt2395427,Don Cheadle
tt2395427,Aaron Taylor-Johnson
tt2395427,Elizabeth Olsen
tt2395427,Paul Bettany
tt2395427,Cobie Smulders
tt2395427,Anthony Mackie
tt2395427,Hayley Atwell
tt2395427,Idris Elba
tt2395427,Linda Cardellini
tt2395427,Stellan Skarsgård
tt2395427,Claudia Kim
tt2395427,Thomas Kretschmann
tt2395427,Andy Serkis
tt2395427,Julie Delpy
tt2395427,Stan Lee
tt2395427,Henry Goodman
tt2395427,Chris Luca
tt2395427,Brian Schaeffer
tt2395427,Dominique Provost-Chalkley
tt2395427,Isaac Andrews
tt2395427,Gareth Keiran Jones
tt2395427,Chan Woo Lim
tt2395427,Minhee Yeo
tt2395427,Bentley Kalu
tt2395427,Julian Bleach
tt2395427,Christopher Beasley
tt2395427,Vuyo Dabula
tt2395427,Nondumiso Tembe
tt2395427,Kabelo Thai
tt2395427,Lele Ledwaba
tt2395427,Mandla Gaduka
tt2395427,Harriet Manamela
tt2395427,Beulah Hashe
tt2395427,Musca Kumalo
tt2395427,Mathapelo September
tt2395427,Antony Acheampong
tt2395427,Chioma Anyanwu
tt2395427,Ben Sakamoto
tt2395427,Imogen Poynton
tt2395427,Isabella Poynton
tt2395427,Ingvild Deila
tt2395427,Sunny Yeo
tt2395427,Namju Go
tt2395427,Mina Kweon
tt2395427,Earl T. Kim
tt2395427,Arthur Lee
tt2395427,Verity Hewlett
tt2395427,Michael Matovski
tt2395427,Alma Noce
tt2395427,Riccardo Richetta
tt2395427,Constanza Ruff
tt2395427,Monty Mclaren-Clark
tt2395427,Julia Krynke
tt2395427,Tony Christian
tt2395427,Ian Kay
tt2395427,Barry Aird
tt2395427,Aaron Himelstein
tt2395427,Kerry Condon
tt2395427,Jaiden Stafford
tt2395427,Joseph M. Abbott
tt2395427,Mohammed Ali
tt2395427,Freddie Andrews
tt2395427,David Olawale Ayinde
tt2395427,Nikita Baron
tt2395427,Gintare Beinoraviciute
tt2395427,Francesca Bennett
tt2395427,Laura Bernardeschi
tt2395427,Dilyana Bouklieva
tt2395427,Dante Briggins
tt2395427,Josh Brolin
tt2395427,Rowdy Brown
tt2395427,Billy Burke
tt2395427,Cheryl Burniston
tt2395427,Abbey Butler
tt2395427,Tatiana Natalia Carpenter
tt2395427,Michael Chapman
tt2395427,Leigh Daniels
tt2395427,Lukas DiSparrow
tt2395427,Thom Dobbin
tt2395427,Alexandra Doyle
tt2395427,Keith Fausnaught
tt2395427,Caspian Faye
tt2395427,Aurora Fearnley
tt2395427,Lou Ferrigno
tt2395427,Hannah Flynn
tt2395427,Robert J. Fraser
tt2395427,Adam Gary
tt2395427,Sophie Gooding
tt2395427,Guna Gultniece
tt2395427,Mark Haldor
tt2395427,Beshoy Hanna
tt2395427,Salem Hanna
tt2395427,Sam Hanover
tt2395427,Robin Harvey
tt2395427,Jason Her
tt2395427,Leigh Holland
tt2395427,Kornelia Horvath
tt2395427,Bron James
tt2395427,Mariola Jaworska
tt2395427,Marcus G. Johnson
tt2395427,Attila G. Kerekes
tt2395427,Denis Khoroshko
tt2395427,Danielle Kingston
tt2395427,Hrvoje Klecz
tt2395427,Devin Koehler
tt2395427,Lex Lang
tt2395427,Jamie Lengyel
tt2395427,Jorge Leon Martinez
tt2395427,Benjamin Lim
tt2395427,Marian Lorencik
tt2395427,Edina Loskay
tt2395427,Bartosz Malarski
tt2395427,Lena Milan
tt2395427,Eric Morcos
tt2395427,Joti Nagra
tt2395427,Judit Novotnik
tt2395427,Emeson Nwolie
tt2395427,Andrea-Nichole Olivas
tt2395427,Zakk Pierce
tt2395427,Tim Powell
tt2395427,Diezel Ramos
tt2395427,Dagny Rollins
tt2395427,Anthony J Sacco
tt2395427,Avinashi Sharma
tt2395427,Megyn Shott
tt2395427,Bari Suzuki
tt2395427,Georgie-May Tearle
tt2395427,Chris Townsend
tt2395427,Daniel Westwood
tt0478970,Paul Rudd
tt0478970,Michael Douglas
tt0478970,Evangeline Lilly
tt0478970,Corey Stoll
tt0478970,Bobby Cannavale
tt0478970,Anthony Mackie
tt0478970,Judy Greer
tt0478970,Abby Ryder Fortson
tt0478970,Michael Peña
tt0478970,David Dastmalchian
tt0478970,T.I.
tt0478970,Wood Harris
tt0478970,Hayley Atwell
tt0478970,John Slattery
tt0478970,Martin Donovan
tt0478970,Garrett Morris
tt0478970,Gregg Turkington
tt0478970,Rod Hallett
tt0478970,Joe Chrest
tt0478970,Joe Bucaro III
tt0478970,Jean Louisa Kelly
tt0478970,Dax Griffin
tt0478970,Hayley Lovitt
tt0478970,Norma Alvarez
tt0478970,Darcie Isabella Cottrell
tt0478970,Teddy Williams
tt0478970,Carol Anne Watts
tt0478970,Se Oh
tt0478970,Diana Chiritescu
tt0478970,Neko Parham
tt0478970,Onira Tares
tt0478970,Kylen Davis
tt0478970,Zamani Wilder
tt0478970,Jim R. Coleman
tt0478970,Desmond Phillips
tt0478970,Aaron Saxton
tt0478970,Michael A. Cook
tt0478970,Ricki Lander
tt0478970,Rus Blackwell
tt0478970,Johnny Pemberton
tt0478970,Nicholas Barrera
tt0478970,Carlos Aviles
tt0478970,Lyndsi LaRose
tt0478970,Robert Crayton
tt0478970,Ajani Perkins
tt0478970,Jessejames Locorriere
tt0478970,Zack Duhame
tt0478970,Kevin Lacz
tt0478970,Michael Trisler
tt0478970,Daniel Stevens
tt0478970,Alex Chansky
tt0478970,Clay Donahue Fontenot
tt0478970,Michael Jamorski
tt0478970,Casey Pieretti
tt0478970,Antal Kalik
tt0478970,Adam Hart
tt0478970,Reuben Langdon
tt0478970,Todd Schneider
tt0478970,Kevin Buttimer
tt0478970,Danny Vasquez
tt0478970,Anna Akana
tt0478970,Stan Lee
tt0478970,Tom Kenny
tt0478970,Rick Avery
tt0478970,Erik Betts
tt0478970,Natalie Stephany Aguilar
tt0478970,Shafayat Ahmed
tt0478970,Cammy Aller
tt0478970,Leilani Amour Arenzana
tt0478970,Joseph Aro
tt0478970,Tanner Baker
tt0478970,Julio Mario Barriga
tt0478970,Mike Benitez
tt0478970,Ray Benitez
tt0478970,Patrick Constantine Bertagnolli Jr.
tt0478970,Sean Boncato
tt0478970,Bradley Bowen
tt0478970,Alex Bretow
tt0478970,Tamika Britton
tt0478970,DuRa Brown
tt0478970,Cabran E. Chamberlain
tt0478970,Raul Colon
tt0478970,Joseph Craig
tt0478970,John Crosby
tt0478970,Vincent Cucuzza
tt0478970,Thomas Dalby
tt0478970,Brian Danker
tt0478970,Varian David
tt0478970,Matthew Sleepy Davis
tt0478970,Mike Dobbins
tt0478970,Lori D. Dotson
tt0478970,Patrick Engler
tt0478970,Chris Evans
tt0478970,Gregory Fears
tt0478970,Terry M. Flowers
tt0478970,Shawron Gaffney
tt0478970,Hayley Gagner
tt0478970,Fred Galle
tt0478970,Neal Genys
tt0478970,Tahseen Ghauri
tt0478970,Jeff Glover
tt0478970,Brian Gonzalez
tt0478970,Trey Greene
tt0478970,Tim Halpin
tt0478970,Jas Hardy
tt0478970,Roger A. Harrison
tt0478970,Rory Healy
tt0478970,Joel Ezra Hebner
tt0478970,Walter Hendrix III
tt0478970,Caleb Hersey
tt0478970,Alphonso A'Qen-Aten Jackson
tt0478970,Kregg Janke
tt0478970,Marie Joelyn
tt0478970,Jonathan S. Kennedy
tt0478970,Brian Kim
tt0478970,Christina July Kim
tt0478970,Jamie King
tt0478970,Larry Kitagawa
tt0478970,Andrew Koponen
tt0478970,Eric Kshywonis
tt0478970,Kevin Lapham
tt0478970,Scott Ledbetter
tt0478970,John Lobato
tt0478970,Fernando Martinez
tt0478970,Alberto Tito Matos Jr.
tt0478970,Sam Medina
tt0478970,Cesar Mendoza
tt0478970,Jordi Mollà
tt0478970,Mahal Montoya
tt0478970,Marc Moon
tt0478970,Kurt Morgan
tt0478970,Ed Moy
tt0478970,Roger Neal
tt0478970,Christian Harris Neeman
tt0478970,Debra Norton-Miller
tt0478970,Steve Warky Nunez
tt0478970,Amor Owens
tt0478970,Chris Pak
tt0478970,Richard Pis
tt0478970,Nimo Purcell
tt0478970,Zoie Quigley
tt0478970,Letecia Reeder
tt0478970,Vanessa Ross
tt0478970,Shaker Sangam
tt0478970,Logan Schoenthal
tt0478970,Benito M. Selim
tt0478970,Blake Sewell
tt0478970,Jason Shwartz
tt0478970,Sophia Slaysman
tt0478970,Jason Speer
tt0478970,Sebastian Stan
tt0478970,Ashante P.T. Stokes
tt0478970,Doug Stroup
tt0478970,Bari Suzuki
tt0478970,Jeremy Ray Taylor
tt0478970,Maurice G. Thomas
tt0478970,Kimberly Tran
tt0478970,Long X. Tran
tt0478970,Jordan Verroi
tt0478970,Etienne Vick
tt0478970,Ruben Vidal
tt0478970,Diego Ward
tt0478970,Wenzell Washington
tt0478970,Steven Wiig
tt0478970,Aislinn Williams
tt0478970,Chase Williamson
tt0478970,Erick Wofford
tt0478970,Andrew Yount
tt0478970,Bobby Ysip
tt0478970,Travis S. Zeiler
tt0478970,Michael Zovistoski
tt5095030,Paul Rudd
tt5095030,Evangeline Lilly
tt5095030,Michael Peña
tt5095030,Walton Goggins
tt5095030,Bobby Cannavale
tt5095030,Judy Greer
tt5095030,T.I.
tt5095030,David Dastmalchian
tt5095030,Hannah John-Kamen
tt5095030,Abby Ryder Fortson
tt5095030,Randall Park
tt5095030,Michelle Pfeiffer
tt5095030,Laurence Fishburne
tt5095030,Michael Douglas
tt5095030,Divian Ladwa
tt5095030,Goran Kostic
tt5095030,Rob Archer
tt5095030,Sean Kleier
tt5095030,Benjamin Byron Davis
tt5095030,Michael Cerveris
tt5095030,Riann Steele
tt5095030,Dax Griffin
tt5095030,Hayley Lovitt
tt5095030,Langston Fishburne
tt5095030,RaeLynn Bratten
tt5095030,Madeleine McGraw
tt5095030,Tim Heidecker
tt5095030,Stan Lee
tt5095030,Charles Justo
tt5095030,Brian Huskey
tt5095030,Suehyla El-Attar Young
tt5095030,Julia Vera
tt5095030,Jessica Winther
tt5095030,Norwood J. Cheek Jr.
tt5095030,Bryan Lugo
tt5095030,Ana Maria Quintana
tt5095030,Darcy Shean
tt5095030,Blake Vogt
tt5095030,Torrey Vogel
tt5095030,Simon Potter
tt5095030,Jon Wurster
tt5095030,Tom Scharpling
tt5095030,Virginia Hamilton
tt5095030,Jessica Castro
tt5095030,Reggie Aqui
tt5095030,Natasha Zouves
tt5095030,Mike Nicco
tt5095030,Alexis Smith
tt5095030,Gary Agid
tt5095030,Halit Alptekin
tt5095030,Joseph Amey
tt5095030,Yianni Apostolopolous
tt5095030,Cassandra Areff
tt5095030,Danyel Areff
tt5095030,Jace Areff
tt5095030,Andy Arness
tt5095030,Nargis Bahaduri
tt5095030,Nooria Bahaduri
tt5095030,William W. Barbour
tt5095030,Saskia Baur
tt5095030,Stacy Beckly
tt5095030,Kenny Beers
tt5095030,Jennifer Black
tt5095030,Marcella Bragio
tt5095030,Tarin Breuner
tt5095030,Forrest Briggs
tt5095030,Sergio Briones
tt5095030,Joe Bucaro III
tt5095030,Phillip Caires
tt5095030,Joseph Camilleri
tt5095030,Timothy Carr
tt5095030,Kevin Carscallen
tt5095030,Susan Case
tt5095030,Cabran E. Chamberlain
tt5095030,Jamel Chambers
tt5095030,Michael Chen
tt5095030,Sabrina Chicas
tt5095030,Mary Ann Clawson
tt5095030,Carl Collanus
tt5095030,Hunter Cone
tt5095030,Talon Crow
tt5095030,Derek Crowe
tt5095030,Zachary Culbertson
tt5095030,Steve Dakota
tt5095030,Steven J. Durham
tt5095030,Jason m Edwards
tt5095030,Christine Marie Evans
tt5095030,Jacob Evans
tt5095030,Travis Fitzgerald
tt5095030,Adi Freeman
tt5095030,Hayley Gagner
tt5095030,Chris Gann
tt5095030,Damaris García
tt5095030,Jaydyn Gay
tt5095030,John Gettier
tt5095030,Tahseen Ghauri
tt5095030,Wil Gonzalez
tt5095030,Jake Hanson
tt5095030,Cassie Hendry
tt5095030,Linda Joy Henry
tt5095030,Dan Idov
tt5095030,Michael Inscoe
tt5095030,Cal Johnson
tt5095030,Jay D. Kacho
tt5095030,Henry Kingi
tt5095030,Aleia Kristene
tt5095030,Mika Kubo
tt5095030,Arianna Kurys
tt5095030,Brandon E. Lee
tt5095030,Elgin Lee
tt5095030,Christopher Leong
tt5095030,Dale Liner
tt5095030,John Lobato
tt5095030,Homero Lopez
tt5095030,Anne Luna
tt5095030,Sam Lund
tt5095030,Alexis Ly
tt5095030,Sophia Marcs
tt5095030,Mary Lu Marr
tt5095030,Van Marten
tt5095030,Seth McCracken
tt5095030,Devon Mckelvin
tt5095030,Shaun McMillan
tt5095030,Heidi Michaelis
tt5095030,Perla Middleton
tt5095030,Joshua Mikel
tt5095030,Yvette Miner
tt5095030,Ed Moy
tt5095030,Vaughn Myovich
tt5095030,Brad Napp
tt5095030,Travis Neal
tt5095030,Christian Harris Neeman
tt5095030,Debra Norton-Miller
tt5095030,Anne-Marie Olsen
tt5095030,John Ozuna
tt5095030,Randel Justin Panlilio
tt5095030,Edward Parker
tt5095030,Denney Pierce
tt5095030,Mason Pike
tt5095030,Paul Pillsbury
tt5095030,Zach Prusak
tt5095030,Andre Pushkin
tt5095030,Jeff Redlick
tt5095030,Michael Andrew Reed
tt5095030,Rick Richardson
tt5095030,Sandra Dee Richardson
tt5095030,Kayla Romans
tt5095030,Vanessa Ross
tt5095030,James Haruo Saito
tt5095030,David M Sandoval Jr.
tt5095030,Corey Seaver
tt5095030,Lin Shukla
tt5095030,James Siderits
tt5095030,Patricia Simmons
tt5095030,Candido Soto III
tt5095030,Shawn South
tt5095030,Bailey Standley
tt5095030,James Sterling
tt5095030,Thomas W. Stewart
tt5095030,Logan Taaffe
tt5095030,Steve Tanabe
tt5095030,Ken Thrift
tt5095030,Robert Tinsley
tt5095030,Mallorie Vanghel
tt5095030,Ronald Joe Vasquez
tt5095030,Nicholas Gabriel Velasquez
tt5095030,Fatimah Eye'z Verrell
tt5095030,Etienne Vick
tt5095030,Galen G. Wathen
tt5095030,Gary Watson
tt5095030,Benjamin Weaver
tt5095030,Adam Weber
tt5095030,James D. Weston II
tt5095030,Tanya Wheelock
tt5095030,Steven Wiig
tt5095030,Ronnie Yelverton
tt5095030,Shawn Sakhan Yith
tt5095030,Bobby Ysip
tt1211837,Benedict Cumberbatch
tt1211837,Chiwetel Ejiofor
tt1211837,Rachel McAdams
tt1211837,Benedict Wong
tt1211837,Mads Mikkelsen
tt1211837,Tilda Swinton
tt1211837,Michael Stuhlbarg
tt1211837,Benjamin Bratt
tt1211837,Scott Adkins
tt1211837,Zara Phythian
tt1211837,Alaa Safi
tt1211837,Katrina Durden
tt1211837,Topo Wresniwiro
tt1211837,Umit Ulgen
tt1211837,Linda Louise Duan
tt1211837,Mark Anthony Brighton
tt1211837,Meera Syal
tt1211837,Amy Landecker
tt1211837,Adam Pelta-Pauls
tt1211837,Sarah Malin
tt1211837,Eben Young
tt1211837,Kobna Holdbrook-Smith
tt1211837,Elizabeth Healey
tt1211837,Guillaume Faure
tt1211837,Daniel Dow
tt1211837,Stan Lee
tt1211837,Ezra Faroque Khan
tt1211837,Kimberly Van Luin
tt1211837,Pat Kiernan
tt1211837,Alister Albert
tt1211837,Moya Allen
tt1211837,Raj Awasti
tt1211837,Annarie Boor
tt1211837,Dante Briggins
tt1211837,Jill Buchanan
tt1211837,John Capel
tt1211837,Sandra Capel
tt1211837,Alice Chen
tt1211837,Cheryl Chu
tt1211837,Bern Collaço
tt1211837,Gary Davies
tt1211837,Bash Dinsmore
tt1211837,Ryan Dizon
tt1211837,Zachary Dizon
tt1211837,Cameron Edwards
tt1211837,Daniel Eghan
tt1211837,Juani Feliz
tt1211837,Sian Francis
tt1211837,Ulises Galeano
tt1211837,Martavius Gunn
tt1211837,Chris Hemsworth
tt1211837,Kevin Hudson
tt1211837,Mo Idriss
tt1211837,Tamika Katon-Donegal
tt1211837,Faith Logan
tt1211837,Tyrone Love
tt1211837,Pezh Maan
tt1211837,Shilpa Maskey
tt1211837,Kei Miura
tt1211837,Sandeep Mohan
tt1211837,Cameron Moon
tt1211837,Shina Shihoko Nagai
tt1211837,Charlie Nevett
tt1211837,Emeson Nwolie
tt1211837,Jag Patel
tt1211837,Dean Ridge
tt1211837,Samantha Russell
tt1211837,Rock Ryan
tt1211837,Michelle Santiago
tt1211837,Nancy Ellen Shore
tt1211837,Tina Simmons
tt1211837,Rachel Emma Slack
tt1211837,Clem So
tt1211837,Fran Targ
tt1211837,Ruolan Zhang
tt2250912,Tom Holland
tt2250912,Michael Keaton
tt2250912,Robert Downey Jr.
tt2250912,Marisa Tomei
tt2250912,Jon Favreau
tt2250912,Gwyneth Paltrow
tt2250912,Zendaya
tt2250912,Donald Glover
tt2250912,Jacob Batalon
tt2250912,Laura Harrier
tt2250912,Tony Revolori
tt2250912,Bokeem Woodbine
tt2250912,Tyne Daly
tt2250912,Abraham Attah
tt2250912,Hannibal Buress
tt2250912,Kenneth Choi
tt2250912,Selenis Leyva
tt2250912,Angourie Rice
tt2250912,Martin Starr
tt2250912,Garcelle Beauvais
tt2250912,Michael Chernus
tt2250912,Michael Mando
tt2250912,Logan Marshall-Green
tt2250912,Jennifer Connelly
tt2250912,Gary Weeks
tt2250912,Christopher Berry
tt2250912,Jorge Lendeborg Jr.
tt2250912,Tunde Adebimpe
tt2250912,Tiffany Espensen
tt2250912,Isabella Amara
tt2250912,Michael Barbieri
tt2250912,Josie Totah
tt2250912,Hemky Madera
tt2250912,Zach Cherry
tt2250912,Kirk R. Thatcher
tt2250912,Yu Lew
tt2250912,Sondra James
tt2250912,Bob Adrian
tt2250912,Gary Richardson
tt2250912,Stan Lee
tt2250912,Joe Hang
tt2250912,Wayne Pére
tt2250912,Chris Evans
tt2250912,Alexa Laraki
tt2250912,Liza Fagin
tt2250912,Kerry Condon
tt2250912,John Penick
tt2250912,Ethan Dizon
tt2250912,Amy Hill
tt2250912,Miles Mussenden
tt2250912,Martha Kelly
tt2250912,Kevin LaRosa Jr.
tt2250912,Ren Colley
tt2250912,Jennifer Kim
tt2250912,Ari Groover
tt2250912,Louis Gonzalez
tt2250912,Stewart Steinberg
tt2250912,Andy Powers
tt2250912,Omar Capra
tt2250912,Nitin Nohria
tt2250912,Vince Foster
tt2250912,Brian Schaeffer
tt2250912,Chris Adams
tt2250912,Mary Liz Adams
tt2250912,John Jacob Anderson
tt2250912,Myles Anderson
tt2250912,Nicholas Azarian
tt2250912,Cassidy Balkcom
tt2250912,Isabelle Ballard
tt2250912,Romar Bennett
tt2250912,Jb Blaine
tt2250912,Tristian Blair
tt2250912,Maiya Boyd
tt2250912,Dante Brattelli
tt2250912,Michael Breath Jr.
tt2250912,Lauren Brumbelow
tt2250912,Randy Burnett
tt2250912,David Cao
tt2250912,Liam Capek
tt2250912,London Carlisle
tt2250912,Chuck Chapman
tt2250912,Tony F. Charles
tt2250912,Leonardo Collaguazo
tt2250912,Richard R. Corapi
tt2250912,Marmee Regine Cosico
tt2250912,Roy Coulter
tt2250912,Rebeca Donovan
tt2250912,Elli
tt2250912,Michelle Fisichella
tt2250912,Gregory French
tt2250912,Tahseen Ghauri
tt2250912,Davvy Glab
tt2250912,Melissa Kay Glaze
tt2250912,Austin Handle
tt2250912,Madison Hine
tt2250912,Jonathan Randall Hunter
tt2250912,Bailey Ingersoll
tt2250912,Jada Jarvis
tt2250912,Jerome Joyce
tt2250912,Wesley Kuykendoll
tt2250912,Scott Lane
tt2250912,Michael Layman
tt2250912,Zachary Leipert
tt2250912,Lenny Lenox
tt2250912,Faith Logan
tt2250912,Destiny Lopez
tt2250912,Sherin Maldonado
tt2250912,Faith Monique
tt2250912,Melvin Kindall Myles
tt2250912,Felix Perez
tt2250912,Mason Pike
tt2250912,Calvin Powell
tt2250912,Hallie Ricardo
tt2250912,Hunter Romanillos
tt2250912,Mario Romano
tt2250912,Juana Samayoa
tt2250912,Jill Savel
tt2250912,Patti Schellhaas
tt2250912,Doug Scroggins III
tt2250912,Chris Sepulveda
tt2250912,Mike Sibley
tt2250912,Chris Silcox
tt2250912,Stephen Vining
tt2250912,Kent Wagner
tt2250912,Megan Wilkens
tt2250912,Rachel Star Withers
tt2250912,Nickolas Wolf
tt2250912,Trevor Wolf
tt2250912,Tiani Wright
tt6320628,Tom Holland
tt6320628,Samuel L. Jackson
tt6320628,Jake Gyllenhaal
tt6320628,Marisa Tomei
tt6320628,Jon Favreau
tt6320628,Zendaya
tt6320628,Jacob Batalon
tt6320628,Tony Revolori
tt6320628,Angourie Rice
tt6320628,Remy Hii
tt6320628,Martin Starr
tt6320628,J.B. Smoove
tt6320628,Jorge Lendeborg Jr.
tt6320628,Cobie Smulders
tt6320628,Numan Acar
tt6320628,Zach Barack
tt6320628,Zoha Rahman
tt6320628,Yasmin Mwanza
tt6320628,Joshua Sinclair-Evans
tt6320628,Tyler Luke Cunningham
tt6320628,Sebastián Capitán Viveros
tt6320628,Toni Garrn
tt6320628,Peter Billingsley
tt6320628,Clare Dunne
tt6320628,Nicholas Gleaves
tt6320628,Claire Rushbrook
tt6320628,J.K. Simmons
tt6320628,Dawn Michelle King
tt6320628,Jeroen van Koningsbrugge
tt6320628,Michael de Roos
tt6320628,Jan-Paul Buijs
tt6320628,Sergio Pierattini
tt6320628,Anjana Vasan
tt6320628,Brian Law
tt6320628,Evelyn Mok
tt6320628,Tatiana Lunardon
tt6320628,Giada Benedetti
tt6320628,Lukás Bech
tt6320628,Alessandro Giuggioli
tt6320628,Petr Opava
tt6320628,Giuseppe Andriolo
tt6320628,Pat Kiernan
tt6320628,Shari Abdul
tt6320628,Maria Alexandrova
tt6320628,Kristen Alminta
tt6320628,Vincent Angel
tt6320628,Peter Arpesella
tt6320628,Lasco Atkins
tt6320628,Peter Bankole
tt6320628,Blair Barnette
tt6320628,Tuwaine Barrett
tt6320628,Anna Benamati
tt6320628,Pierre Bergman
tt6320628,Avondre E.D. Beverley
tt6320628,Bruno Bilotta
tt6320628,Sharon Blynn
tt6320628,Luigi Boccanfuso
tt6320628,Paolo Braghetto
tt6320628,Dante Brattelli
tt6320628,Graham Burton
tt6320628,Gaylene Butler
tt6320628,Ken Byrd
tt6320628,Sokol Cahani
tt6320628,Eric Patrick Cameron
tt6320628,Darren Lee Campbell
tt6320628,Hélène Cardona
tt6320628,Dian Cathal
tt6320628,Jake Cerny
tt6320628,Daphne Cheung
tt6320628,Sam Chuck
tt6320628,Ruth Clarson-Horrocks
tt6320628,Victoria Coburn
tt6320628,Sean Coleman
tt6320628,Kimberly Collison
tt6320628,Tiziana Coste
tt6320628,Kevin Daigneault
tt6320628,Kristianne-Kaith Domingo
tt6320628,Patrick Doran
tt6320628,Andrew Dunkelberger
tt6320628,Charlie Esquér
tt6320628,Ria Fend
tt6320628,Ferroz Fernandez
tt6320628,Vincent Frattini
tt6320628,Massi Furlan
tt6320628,Alexandra Lopez Galan
tt6320628,Cynthia Garbutt
tt6320628,Thomas Goodridge
tt6320628,Sonia Goswami
tt6320628,Jake Hanson
tt6320628,Nicholle Hembra
tt6320628,Lindy Hennessy
tt6320628,Michael Hennessy
tt6320628,Chris Hyacinthe
tt6320628,Michael Iacono
tt6320628,Roman Ibragimov
tt6320628,Theo Ip
tt6320628,Timothy Christian Jansen
tt6320628,Alyssa Mechelle Johnson
tt6320628,Keon Kendrick
tt6320628,Camille Kinloch
tt6320628,Michal Kubal
tt6320628,Hannah Kurczeski
tt6320628,Jimena Larraguivel
tt6320628,Rich Lawton
tt6320628,Kat Leroy
tt6320628,Gavin Lee Lewis
tt6320628,Xiao Xue Xu Lin
tt6320628,Faith Logan
tt6320628,Patrick Loh
tt6320628,Joseph Long
tt6320628,Marian Lorencik
tt6320628,Tyrone Love
tt6320628,Jay Maher
tt6320628,Ketan Majmudar
tt6320628,Tony Mardon
tt6320628,Tony Masek
tt6320628,Eustace Meade
tt6320628,Ben Mendelsohn
tt6320628,Bradley Wj Miller
tt6320628,Melissa Beth Miller
tt6320628,Samantha Mishinski
tt6320628,Anthony Molinari
tt6320628,Adrian Mozzi
tt6320628,Brendan Murphy
tt6320628,Amanda Musso
tt6320628,Daniel Olson
tt6320628,Vincent Paolicelli
tt6320628,Karen Parks
tt6320628,Hiten Patel
tt6320628,Clay Pel-is
tt6320628,Luigi Petrazzuolo
tt6320628,Aleksandrs Petukhovs
tt6320628,Annie Pisapia
tt6320628,Martin Polak
tt6320628,Jivan Xander Ramesh
tt6320628,Mike Ray
tt6320628,Sofia Renee
tt6320628,Daniel Rennis
tt6320628,Sawyer Reo
tt6320628,Cailan Robinson
tt6320628,Emmanuel Rodriguez
tt6320628,Ray Rosario
tt6320628,Geraldine Roy
tt6320628,Daniel Ryves
tt6320628,Monae Samone
tt6320628,Maurice Sardison
tt6320628,Susanne Schraps
tt6320628,Karen-J Sear
tt6320628,Ilya Tank Shilov
tt6320628,Tina Simmons
tt6320628,Paul Slim
tt6320628,Richard Stanley
tt6320628,Lucas Antoine Starrets
tt6320628,Faith Tarby
tt6320628,Emily Tebbutt
tt6320628,Lesdy Vanessa
tt6320628,Jessica VanOss
tt6320628,Joe David Walters
tt6320628,Jo Wheatley
tt6320628,Dale Wilder
tt6320628,Rocco Wu
tt6320628,Jan Zalabak
tt1825683,Chadwick Boseman
tt1825683,Michael B. Jordan
tt1825683,Lupita Nyong'o
tt1825683,Danai Gurira
tt1825683,Martin Freeman
tt1825683,Daniel Kaluuya
tt1825683,Letitia Wright
tt1825683,Winston Duke
tt1825683,Sterling K. Brown
tt1825683,Angela Bassett
tt1825683,Forest Whitaker
tt1825683,Andy Serkis
tt1825683,Florence Kasumba
tt1825683,John Kani
tt1825683,David S. Lee
tt1825683,Nabiyah Be
tt1825683,Isaach De Bankolé
tt1825683,Connie Chiume
tt1825683,Dorothy Steel
tt1825683,Danny Sapani
tt1825683,Sydelle Noel
tt1825683,Marija Juliette Abney
tt1825683,Zola Williams
tt1825683,Janeshia Adams-Ginyard
tt1825683,Maria Hippolyte
tt1825683,Marie Mouroum
tt1825683,Jénel Stevens
tt1825683,Sope Aluko
tt1825683,Stan Lee
tt1825683,Atandwa Kani
tt1825683,Ashton Tyler
tt1825683,Denzel Whitaker
tt1825683,Shaunette Renée Wilson
tt1825683,Christine Hollingsworth
tt1825683,Lucy Hockings
tt1825683,Bambadjan Bamba
tt1825683,Roland Kilumbu
tt1825683,Jermaine Holt
tt1825683,Dominique Elijah Smith
tt1825683,Jalil Jay Lynch
tt1825683,Vaughndio Forbes
tt1825683,Sasha Morfaw
tt1825683,Alexis Louder
tt1825683,Francesca Faridany
tt1825683,Mark Ashworth
tt1825683,Seth Carr
tt1825683,Jeremy Sample
tt1825683,Chad Crumley
tt1825683,Alexis Rhee
tt1825683,Danny Chung
tt1825683,Elizabeth Newcomer
tt1825683,Tony Sears
tt1825683,Alex Riley Hughes
tt1825683,Clifford Gay
tt1825683,Shamel Heath
tt1825683,De'Jon Watts
tt1825683,Alex R. Hibbert
tt1825683,Tristan Timmons
tt1825683,Abraham Clinkscales
tt1825683,Thabo Moropane
tt1825683,Zani Mogodi
tt1825683,Zenzi Williams
tt1825683,Trevor Noah
tt1825683,Joseph Akharoh Jr.
tt1825683,John Jacob Anderson
tt1825683,Rodney Luis Aquino
tt1825683,Tobias Armand
tt1825683,Stanley Aughtry
tt1825683,Clayton J. Barber
tt1825683,Carrie Bernans
tt1825683,Rose Bianco
tt1825683,Larry Blanks
tt1825683,Maiya Boyd
tt1825683,Teneisha Campbell
tt1825683,Andrea Antonio Canal
tt1825683,Buddy Cannon
tt1825683,Timothy Carr
tt1825683,Jamel Chambers
tt1825683,Joy Johnson Coleman
tt1825683,Cowboy
tt1825683,Adelynn Cuevas
tt1825683,Hai Dang
tt1825683,Ibrahim Dumbuya
tt1825683,David Dunston
tt1825683,Jacob Evans
tt1825683,Bing Fu
tt1825683,Dudley Fuqua
tt1825683,Denitra Gaines
tt1825683,Shad Gaspard
tt1825683,John Gettier
tt1825683,Tahseen Ghauri
tt1825683,Apollo GT
tt1825683,Mohamed Hakeemshady
tt1825683,Donja Harper
tt1825683,Cecil M. Henry
tt1825683,Maxwell Highsmith
tt1825683,Rabon Hutcherson
tt1825683,Bobby James
tt1825683,Lidya Jewett
tt1825683,Floyd Anthony Johns Jr.
tt1825683,Ry King
tt1825683,Maritalyn Koulebetouba
tt1825683,Joel Laird
tt1825683,Tunde Laleye
tt1825683,Demetri Landell
tt1825683,Raen Las
tt1825683,John Y Lee
tt1825683,Alona Leoine
tt1825683,Josue Louis-Charles
tt1825683,Shomari Love
tt1825683,T. Love
tt1825683,Lee Mapp
tt1825683,Fernando A. Mico
tt1825683,Jerel Tyrone Miller
tt1825683,Frank David Monroe
tt1825683,Timothy D. Montjoy
tt1825683,Joel Nathaniel
tt1825683,Ofu Obekpa
tt1825683,Amechi Okocha
tt1825683,Kingsley Onwu
tt1825683,David Opegbemi
tt1825683,Che'valier Paul
tt1825683,Isaac Phillips
tt1825683,Hasaan Rasheed
tt1825683,Letecia Reeder
tt1825683,Sheril Rodgers
tt1825683,Michael Christopher Rodney
tt1825683,Brady Rogers
tt1825683,Kawta Sarak
tt1825683,Matteo Spears Satriano
tt1825683,Milton Saul
tt1825683,Patti Schellhaas
tt1825683,James Siderits
tt1825683,Manesh k Singh
tt1825683,Edward Rashad Smith
tt1825683,Jihae Song
tt1825683,Sebastian Stan
tt1825683,Corey Jason Thomas
tt1825683,Kent Wagner
tt1825683,William Walker
tt1825683,Rachel Star Withers
tt1825683,Raven Wynn
tt4154756,Robert Downey Jr.
tt4154756,Chris Hemsworth
tt4154756,Mark Ruffalo
tt4154756,Chris Evans
tt4154756,Scarlett Johansson
tt4154756,Don Cheadle
tt4154756,Benedict Cumberbatch
tt4154756,Tom Holland
tt4154756,Chadwick Boseman
tt4154756,Zoe Saldana
tt4154756,Karen Gillan
tt4154756,Tom Hiddleston
tt4154756,Paul Bettany
tt4154756,Elizabeth Olsen
tt4154756,Anthony Mackie
tt4154756,Sebastian Stan
tt4154756,Idris Elba
tt4154756,Danai Gurira
tt4154756,Peter Dinklage
tt4154756,Benedict Wong
tt4154756,Pom Klementieff
tt4154756,Dave Bautista
tt4154756,Vin Diesel
tt4154756,Bradley Cooper
tt4154756,Gwyneth Paltrow
tt4154756,Benicio Del Toro
tt4154756,Josh Brolin
tt4154756,Chris Pratt
tt4154756,Sean Gunn
tt4154756,William Hurt
tt4154756,Letitia Wright
tt4154756,Terry Notary
tt4154756,Tom Vaughan-Lawlor
tt4154756,Carrie Coon
tt4154756,Michael James Shaw
tt4154756,Stan Lee
tt4154756,Winston Duke
tt4154756,Florence Kasumba
tt4154756,Kerry Condon
tt4154756,Monique Ganderton
tt4154756,Jacob Batalon
tt4154756,Tiffany Espensen
tt4154756,Isabella Amara
tt4154756,Ethan Dizon
tt4154756,Ariana Greenblatt
tt4154756,Ameenah Kaplan
tt4154756,Ross Marquand
tt4154756,Michael Anthony Rogers
tt4154756,Stephen McFeely
tt4154756,Aaron Lazar
tt4154756,Robert Pralgo
tt4154756,Olaniyan Thurmon
tt4154756,Blair Jasin
tt4154756,Matthew Zuk
tt4154756,Laura Miller
tt4154756,Marija Juliette Abney
tt4154756,Janeshia Adams-Ginyard
tt4154756,Gee Alexander
tt4154756,Branden Arnold
tt4154756,Kenneth Branagh
tt4154756,Sergio Briones
tt4154756,Lady Cardinal
tt4154756,Donny Carrington
tt4154756,Lucie Carroll
tt4154756,Jamel Chambers
tt4154756,Matthew Christensen
tt4154756,Tye Claybrook Jr.
tt4154756,Keith Splinter Davis
tt4154756,Cory Dunson
tt4154756,Tony Dupar
tt4154756,Jazzy Ellis
tt4154756,David Dman Escobar
tt4154756,Steven Essani
tt4154756,Jacob Evans
tt4154756,Simeon Freeman
tt4154756,Dylan Gajai
tt4154756,Daniela Gaskie
tt4154756,John Gettier
tt4154756,Jomahl Gildersleve
tt4154756,Denisha Gillespie
tt4154756,Solomon Glave
tt4154756,Daniel Graham
tt4154756,Carlos Guity
tt4154756,Dawit Gulilat
tt4154756,Martavius Gunn
tt4154756,Cecil M. Henry
tt4154756,Bobby Hoskins
tt4154756,Rabon Hutcherson
tt4154756,Samuel L. Jackson
tt4154756,Bobby James
tt4154756,Kirk A. Jenkins
tt4154756,Precious Jenkins
tt4154756,Floyd Anthony Johns Jr.
tt4154756,Mallory Kidwell
tt4154756,Devin Koehler
tt4154756,Demetri Landell
tt4154756,Chase Ledgerwood
tt4154756,Elgin Lee
tt4154756,Jefferson Lewis
tt4154756,Marcus Lewis
tt4154756,Luke Maher
tt4154756,Joe Maitland
tt4154756,Tim McAdams
tt4154756,Andrew S. McMillan
tt4154756,Perla Middleton
tt4154756,Michael Pierino Miller
tt4154756,Frank David Monroe
tt4154756,Kevin Montgomery
tt4154756,Chris Moore
tt4154756,Jared Moser
tt4154756,Marie Mouroum
tt4154756,Jachin Hasan Myers
tt4154756,Femi Olagoke
tt4154756,Harrison Osterfield
tt4154756,Edward Parker
tt4154756,Gary Peebles
tt4154756,Nathaniel Perry
tt4154756,Khalil' La'Marr Pickett
tt4154756,Annie Pisapia
tt4154756,Taraja Ramsess
tt4154756,Antjuan Rhames
tt4154756,Ryan Robertson
tt4154756,Austin Rospert
tt4154756,Jeremy Sample
tt4154756,Brandon M. Shaw
tt4154756,Bruce Anthony Shepperson
tt4154756,James Siderits
tt4154756,Matthew Excel Simmons
tt4154756,Joseph Singletary
tt4154756,Dominique Elijah Smith
tt4154756,Cobie Smulders
tt4154756,Shawn South
tt4154756,James Sterling
tt4154756,Jénel Stevens
tt4154756,Granger Summerset II
tt4154756,Phedra Syndelle
tt4154756,Hamid-Reza Benjamin Thompson
tt4154756,Robert Tinsley
tt4154756,Laurel O Wagner
tt4154756,Tanya Wheelock
tt4154756,Zola Williams
tt4154756,Kevin D Wilson
tt4154756,Michael David Yuhl
tt4154796,Robert Downey Jr.
tt4154796,Chris Evans
tt4154796,Mark Ruffalo
tt4154796,Chris Hemsworth
tt4154796,Scarlett Johansson
tt4154796,Jeremy Renner
tt4154796,Don Cheadle
tt4154796,Paul Rudd
tt4154796,Benedict Cumberbatch
tt4154796,Chadwick Boseman
tt4154796,Brie Larson
tt4154796,Tom Holland
tt4154796,Karen Gillan
tt4154796,Zoe Saldana
tt4154796,Evangeline Lilly
tt4154796,Tessa Thompson
tt4154796,Rene Russo
tt4154796,Elizabeth Olsen
tt4154796,Anthony Mackie
tt4154796,Sebastian Stan
tt4154796,Tom Hiddleston
tt4154796,Danai Gurira
tt4154796,Benedict Wong
tt4154796,Pom Klementieff
tt4154796,Dave Bautista
tt4154796,Letitia Wright
tt4154796,John Slattery
tt4154796,Tilda Swinton
tt4154796,Jon Favreau
tt4154796,Hayley Atwell
tt4154796,Natalie Portman
tt4154796,Marisa Tomei
tt4154796,Taika Waititi
tt4154796,Angela Bassett
tt4154796,Michael Douglas
tt4154796,Michelle Pfeiffer
tt4154796,William Hurt
tt4154796,Cobie Smulders
tt4154796,Sean Gunn
tt4154796,Winston Duke
tt4154796,Linda Cardellini
tt4154796,Maximiliano Hernández
tt4154796,Frank Grillo
tt4154796,Hiroyuki Sanada
tt4154796,Tom Vaughan-Lawlor
tt4154796,James D'Arcy
tt4154796,Jacob Batalon
tt4154796,Vin Diesel
tt4154796,Bradley Cooper
tt4154796,Gwyneth Paltrow
tt4154796,Robert Redford
tt4154796,Josh Brolin
tt4154796,Chris Pratt
tt4154796,Samuel L. Jackson
tt4154796,Lexi Rabe
tt4154796,Ross Marquand
tt4154796,Joe Russo
tt4154796,Emma Fuhrmann
tt4154796,Michael James Shaw
tt4154796,Terry Notary
tt4154796,Kerry Condon
tt4154796,Ben Sakamoto
tt4154796,Ava Russo
tt4154796,Cade Woodward
tt4154796,Stan Lee
tt4154796,Yvette Nicole Brown
tt4154796,Callan Mulvey
tt4154796,Lia Mariella Russo
tt4154796,Julian Russo
tt4154796,Taylor Patterson
tt4154796,Augie Rosalina
tt4154796,Ken Jeong
tt4154796,Ty Simpkins
tt4154796,Jackson A. Dunn
tt4154796,Lee Moore
tt4154796,Bazlo LeClair
tt4154796,Loen LeClair
tt4154796,Matthew Berry
tt4154796,Joy McAvoy
tt4154796,John Michael Morris
tt4154796,Michael A. Cook
tt4154796,Brent McGee
tt4154796,Brian Schaeffer
tt4154796,Jamie Wedel
tt4154796,Anthony G Breed
tt4154796,Erica Ribley
tt4154796,Monique Ganderton
tt4154796,Jim Starlin
tt4154796,Jimmy Ray Pickens
tt4154796,Hye Jin Jang
tt4154796,Russell Bobbitt
tt4154796,James Lin
tt4154796,Jack Champion
tt4154796,Sam Hargrave
tt4154796,Patrick Gorman
tt4154796,Aaron Lazar
tt4154796,Robert Pralgo
tt4154796,Tom Wisdom
tt4154796,John Posey
tt4154796,Ameenah Kaplan
tt4154796,Olaniyan Thurmon
tt4154796,Jennifer Elmore
tt4154796,Mike Lutz
tt4154796,Jennifer 'Ms Fer' Russell
tt4154796,Raul Alcantar
tt4154796,Vincent Angel
tt4154796,Caleb Spencer Barr
tt4154796,Tevin Beech
tt4154796,Cameron Brumbelow
tt4154796,Jamaal Burcher
tt4154796,Daniel Callister
tt4154796,Eric Patrick Cameron
tt4154796,Timothy Carr
tt4154796,Jamel Chambers
tt4154796,Carrie Coon
tt4154796,Jaylen Davis
tt4154796,Kiersten Dolbec
tt4154796,Roe Dunkley
tt4154796,Jason m Edwards
tt4154796,Nolan Ekberg
tt4154796,Steven Essani
tt4154796,Jacob Evans
tt4154796,Andy Field
tt4154796,Ami Fujimoto
tt4154796,Renah Gallagher
tt4154796,Daniela Gaskie
tt4154796,Brent Moorer Gaskins
tt4154796,Khalid Ghajji
tt4154796,Penelope Kathryn Golden
tt4154796,Anthony B. Harris
tt4154796,Maxwell Highsmith
tt4154796,Bobby Hoskins
tt4154796,Floyd Anthony Johns Jr.
tt4154796,Jay D. Kacho
tt4154796,Mari Kasuya
tt4154796,Maurice P. Kerry
tt4154796,Camille Kinloch
tt4154796,Kevin Kobinsky
tt4154796,Faith Logan
tt4154796,Monica Mathis
tt4154796,Andrew S. McMillan
tt4154796,Shaun McMillan
tt4154796,Michael Pierino Miller
tt4154796,Samantha Mishinski
tt4154796,Marie Mouroum
tt4154796,Daniel L. Murphy
tt4154796,Keith Nussbaum
tt4154796,Paul Pillsbury
tt4154796,Dustin Pitan
tt4154796,Rob Romero
tt4154796,James Robert Taylor
tt4154796,Kris Taylor
tt4154796,Lindsey Thaxton
tt4154796,Greg Tiffan
tt4154796,Robert Tinsley
tt4154796,Eric Wallace
tt4154796,Keith Wallace
tt4154796,Benjamin Weaver
tt4154796,Miles Webb
tt4154796,Alexa Whitaker
tt4154796,Maria Z. Wilson
tt4154796,Eric Word
tt4154796,Kari Yovetich
tt4154664,Brie Larson
tt4154664,Samuel L. Jackson
tt4154664,Ben Mendelsohn
tt4154664,Jude Law
tt4154664,Annette Bening
tt4154664,Djimon Hounsou
tt4154664,Lee Pace
tt4154664,Lashana Lynch
tt4154664,Gemma Chan
tt4154664,Clark Gregg
tt4154664,Rune Temte
tt4154664,Algenis Perez Soto
tt4154664,Mckenna Grace
tt4154664,Akira Akbar
tt4154664,Matthew Maher
tt4154664,Chuku Modu
tt4154664,Vik Sahay
tt4154664,Colin Ford
tt4154664,Kenneth Mitchell
tt4154664,Stephen A. Chang
tt4154664,Pete Ploszek
tt4154664,Matthew 'Spider' Kimmel
tt4154664,Stephen 'Cajun' Del Bagno
tt4154664,London Fuller
tt4154664,Azari Akbar
tt4154664,Mark Daugherty
tt4154664,Diana Toshiko
tt4154664,Barry Curtis
tt4154664,Emily Ozrey
tt4154664,Abigaille Ozrey
tt4154664,Marilyn Brett
tt4154664,Stan Lee
tt4154664,Robert Kazinsky
tt4154664,Nelson Franklin
tt4154664,Patrick Brennan
tt4154664,Patrick Gallagher
tt4154664,Ana Ayora
tt4154664,Lyonetta Flowers
tt4154664,Rufus Flowers
tt4154664,Sharon Blynn
tt4154664,Auden L. Ophuls
tt4154664,Harriet L. Ophuls
tt4154664,Matthew Bellows
tt4154664,Richard Zeringue
tt4154664,Duane Henry
tt4154664,Reggie
tt4154664,Gonzo
tt4154664,Archie
tt4154664,Rizzo
tt4154664,Amir Abdalla
tt4154664,Jay Arthur
tt4154664,Gaige Chaturantabut
tt4154664,Don Cheadle
tt4154664,Joey Courteau
tt4154664,Kelly Sue DeConnick
tt4154664,Callie Rose Deets
tt4154664,Chris Evans
tt4154664,Jacob Figueroa
tt4154664,Andre Franco
tt4154664,John Gettier
tt4154664,Adam Hart
tt4154664,James Hatten
tt4154664,Scarlett Johansson
tt4154664,Kevin M. Kelly
tt4154664,Alvaro Laborin
tt4154664,Bethany Levy
tt4154664,Lori Livingston
tt4154664,Frank Mercuri
tt4154664,Anthony Molinari
tt4154664,James Morrison
tt4154664,Vinny O'Brien
tt4154664,Damon O'Daniel
tt4154664,Jo Osmond
tt4154664,Mel Powell
tt4154664,Eddy Rome
tt4154664,Mark Ruffalo
tt4154664,Connor Ryan
tt4154664,Gil De St. Jeor
tt3480822,Scarlett Johansson
tt3480822,Florence Pugh
tt3480822,Rachel Weisz
tt3480822,David Harbour
tt3480822,Ray Winstone
tt3480822,Ever Anderson
tt3480822,Violet McGraw
tt3480822,O-T Fagbenle
tt3480822,William Hurt
tt3480822,Olga Kurylenko
tt3480822,Ryan Kiera Armstrong
tt3480822,Liani Samuel
tt3480822,Michelle Lee
tt3480822,Lewis Young
tt3480822,C.C. Smiff
tt3480822,Nanna Blondell
tt3480822,Simona Zivkovska
tt3480822,Erin Jameson
tt3480822,Shaina West
tt3480822,Yolanda Lynes
tt3480822,Claudia Heinz
tt3480822,Fatou Bah
tt3480822,Jade Ma
tt3480822,Jade Xu
tt3480822,Lucy Jayne Murray
tt3480822,Lucy Cork
tt3480822,Eniko Fulop
tt3480822,Lauren Okadigbo
tt3480822,Aurélia Agel
tt3480822,Zhane Samuels
tt3480822,Shawarah Battles
tt3480822,Tabby Bond
tt3480822,Madeleine Nicholls
tt3480822,Yasmin Riley
tt3480822,Fiona Griffiths
tt3480822,Georgia Curtis
tt3480822,Svetlana Constantine
tt3480822,Ione Butler
tt3480822,Aubrey Cleland
tt3480822,Kurt Yue
tt3480822,Doug Robson
tt3480822,Zoltan Nagy
tt3480822,Marcel Dorian
tt3480822,Liran Nathan
tt3480822,Judit Varga-Szathmary
tt3480822,Noel Krisztian Kozak
tt3480822,Martin Razpopov
tt3480822,Olivier Richters
tt3480822,Nina Novich
tt3480822,Andrew Byron
tt3480822,Ed Ashe
tt3480822,Dawid Szatarski
tt3480822,Cali Nelle
tt3480822,Geoffrey D. Williams
tt3480822,Robert Pralgo
tt3480822,Jacinte Blankenship
tt3480822,Josh Henry
tt3480822,Jose Miguel Vasquez
tt3480822,Valentina Herrera
tt3480822,Danielle Jalade
tt3480822,Aria Brooks
tt3480822,Sophie Colgrove
tt3480822,Caister Choi
tt3480822,Shane Askam
tt3480822,Ahmed Bakare
tt3480822,Luigi Boccanfuso
tt3480822,Wong Charlie
tt3480822,Jason Christopher
tt3480822,Jordyn Curet
tt3480822,Roman Green
tt3480822,Rob Horrocks
tt3480822,Jaey Howe
tt3480822,Ty Hurley
tt3480822,Tyrone Kearns
tt3480822,Graham Kitchen
tt3480822,Jorge Leon Martinez
tt3480822,Gavin Lee Lewis
tt3480822,Dale Liner
tt3480822,Marian Lorencik
tt3480822,Julia Louis-Dreyfus
tt3480822,Obie Matthew
tt3480822,Kenny-Lee Mbanefo
tt3480822,Tony McCarthy
tt3480822,Paul O'Kelly
tt3480822,Edward L. Oliver
tt3480822,Adam Prickett
tt3480822,Zoltan Rencsar
tt3480822,Stephen Samson
tt3480822,Oliver Simms
tt3480822,Joakim Skarli
tt3480822,Clem So
tt3480822,David Turner
tt3480822,Kalina Vanska
tt3480822,Chad J. Wagner
tt3480822,Ian Wilson
tt3480822,John Wolfe
tt3480822,Daniel Joseph Woolf
tt9376612,Simu Liu
tt9376612,Tony Chiu-Wai Leung
tt9376612,Awkwafina
tt9376612,Ben Kingsley
tt9376612,Meng'er Zhang
tt9376612,Fala Chen
tt9376612,Michelle Yeoh
tt9376612,Wah Yuen
tt9376612,Florian Munteanu
tt9376612,Andy Le
tt9376612,Paul W. He
tt9376612,Jayden Zhang
tt9376612,Elodie Fong
tt9376612,Arnold Sun
tt9376612,Stephanie Hsu
tt9376612,Kunal Dudheker
tt9376612,Tsai Chin
tt9376612,Jodi Long
tt9376612,Dallas Liu
tt9376612,Ronny Chieng
tt9376612,Daniel Liu
tt9376612,Stella Ye
tt9376612,Fernando Chien
tt9376612,Michael-Anthony Taylor
tt9376612,Zach Cherry
tt9376612,Raymond Ma
tt9376612,Thau Shen Lim
tt9376612,Kar-Yung Lau
tt9376612,Johnny Carr
tt9376612,Harmonie He
tt9376612,Lydia Sarks
tt9376612,John Harding
tt9376612,Lynette Curran
tt9376612,Benjamin Wang
tt9376612,Benedict Wong
tt9376612,Jade Xu
tt9376612,Shelley Xu
tt9376612,Alistair Bates
tt9376612,Dee Bradley Baker
tt9376612,Kelli Bailey
tt9376612,Alfred K. Chow
tt9376612,Shaun Robert Foley
tt9376612,Brie Larson
tt9376612,Christine Lee
tt9376612,Mahal Montoya
tt9376612,Christian Harris Neeman
tt9376612,Tim Roth
tt9376612,Mark Ruffalo
tt9376612,James Ryan
tt9376612,William Sung
tt9376612,Andy Thai
tt9376612,Bingchen Ye
tt9032400,Gemma Chan
tt9032400,Richard Madden
tt9032400,Angelina Jolie
tt9032400,Salma Hayek
tt9032400,Kit Harington
tt9032400,Kumail Nanjiani
tt9032400,Lia McHugh
tt9032400,Brian Tyree Henry
tt9032400,Lauren Ridloff
tt9032400,Barry Keoghan
tt9032400,Ma Dong-seok
tt9032400,Harish Patel
tt9032400,Bill Skarsgård
tt9032400,Haaz Sleiman
tt9032400,Esai Daniel Cross
tt9032400,Harry Styles
tt9032400,Alan Scott
tt9032400,Hannah Dodd
tt9032400,Adrià Escudero
tt9032400,Sebastián Capitán Viveros
tt9032400,Nikkita Chadha
tt9032400,Grahame Fox
tt9032400,Zain Al Rafeea
tt9032400,Alberto Falcon Rodriguez
tt9032400,Lucia Efstathiou
tt9032400,Orson Rosenberg
tt9032400,Ariadna Vadillo Soto
tt9032400,Derek Horsham
tt9032400,Jeff Mirza
tt9032400,Ascension Martinez Rubio
tt9032400,Ozer Ercan
tt9032400,Patton Oswalt
tt9032400,David Kaye
tt9032400,Mahershala Ali
tt9032400,Kishore Bhatt
tt9032400,Brenda Lorena Garcia
tt9032400,Jorge Leon Martinez
tt9032400,Preeti Malhotra
tt9032400,Haroon Rafiq
tt9032400,Sebastian Senior
tt9032400,Chloe Stannage
tt9032400,Ian Thackray
tt10872600,Tom Holland
tt10872600,Zendaya
tt10872600,Benedict Cumberbatch
tt10872600,Jacob Batalon
tt10872600,Jon Favreau
tt10872600,Jamie Foxx
tt10872600,Willem Dafoe
tt10872600,Alfred Molina
tt10872600,Benedict Wong
tt10872600,Tony Revolori
tt10872600,Marisa Tomei
tt10872600,Andrew Garfield
tt10872600,Tobey Maguire
tt10872600,Angourie Rice
tt10872600,Arian Moayed
tt10872600,Paula Newsome
tt10872600,Hannibal Buress
tt10872600,Martin Starr
tt10872600,J.B. Smoove
tt10872600,J.K. Simmons
tt10872600,Rhys Ifans
tt10872600,Charlie Cox
tt10872600,Thomas Haden Church
tt10872600,Haroon Khan
tt10872600,Emily Fong
tt10872600,Mary Rivera
tt10872600,Rudy Eisenzopf
tt10872600,Kathleen Cardoso
tt10872600,Jonathan Sam
tt10872600,Andrew Dunlap
tt10872600,Zany Dunlap
tt10872600,B. Clutch Dunlap
tt10872600,Minnah Dunlap
tt10872600,Ben VanderMey
tt10872600,Gary Weeks
tt10872600,Gregory Konow
tt10872600,Carol Dines
tt10872600,Anisa Nyell Johnson
tt10872600,Willie Burton
tt10872600,Mallory Hoff
tt10872600,Greg Clarkson
tt10872600,Regina Ting Chen
tt10872600,Robert Mitchel Owenby
tt10872600,Glenn Keogh
tt10872600,Paris Benjamin
tt10872600,Jwaundace Candece
tt10872600,Taylor St. Clair
tt10872600,Rolando Fernandez
tt10872600,Gabriella Cila
tt10872600,Darnell Appling
tt10872600,Ed Force
tt10872600,Michael Le
tt10872600,Dean Meminger
tt10872600,Frederick A. Brown
tt10872600,Cristo Fernández
tt10872600,Clay Savage
tt10872600,Luke Aitchison
tt10872600,Tarek al Halabi
tt10872600,McDaniel Austin
tt10872600,Gloria Bishop
tt10872600,Stephen Branson
tt10872600,Kyle Bryde
tt10872600,Tommy Campbell
tt10872600,Riley Cliett
tt10872600,Christopher Cocke
tt10872600,José Alfredo Fernandez
tt10872600,Jordan Foster
tt10872600,Tom Hardy
tt10872600,Elizabeth Harlow
tt10872600,Jay Karales
tt10872600,Jorge Lendeborg Jr.
tt10872600,Sofia Martinez
tt10872600,Zara McDowell
tt10872600,Clinton M Nowicke
tt10872600,Cailyn Peddle
tt10872600,Jana N Prentiss
tt10872600,Johnny Serret
tt10872600,Bryan SilverBax
tt10872600,Art Sunday
tt10872600,Juan Szilagyi
tt10872600,Robert Tinsley
tt10872600,Charlemagne Vida
tt10872600,Chad J. Wagner
tt10872600,Marvin E. West
tt10872600,Russ Williamson
tt0848228,Robert Downey Jr.
tt0848228,Chris Evans
tt0848228,Mark Ruffalo
tt0848228,Chris Hemsworth
tt0848228,Scarlett Johansson
tt0848228,Jeremy Renner
tt0848228,Tom Hiddleston
tt0848228,Clark Gregg
tt0848228,Cobie Smulders
tt0848228,Stellan Skarsgård
tt0848228,Samuel L. Jackson
tt0848228,Gwyneth Paltrow
tt0848228,Paul Bettany
tt0848228,Alexis Denisof
tt0848228,Tina Benko
tt0848228,Jerzy Skolimowski
tt0848228,Kirill Nikiforov
tt0848228,Jeff Wolfe
tt0848228,M'laah Kaur Singh
tt0848228,Rashmi Rustagi
tt0848228,Powers Boothe
tt0848228,Jenny Agutter
tt0848228,Arthur Darbinyan
tt0848228,Donald Li
tt0848228,Warren Kole
tt0848228,Alicia Sixtos
tt0848228,Jesse Garcia
tt0848228,Maximiliano Hernández
tt0848228,Dieter Riesle
tt0848228,Kenneth Tigar
tt0848228,Walter Perez
tt0848228,Harry Dean Stanton
tt0848228,Josh Cowdery
tt0848228,Ashley Johnson
tt0848228,Katsumi Komatsu
tt0848228,Yumiko Komatsu
tt0848228,Momoko Komatsu
tt0848228,Robert Clohessy
tt0848228,Enver Gjokaj
tt0848228,Fernanda Toker
tt0848228,Andrea Vecchio
tt0848228,Robin Swoboda
tt0848228,Brent McGee
tt0848228,Jamie McShane
tt0848228,Michael Zhang
tt0848228,William Christopher Stephens
tt0848228,Kelley Robins
tt0848228,Romy Rosemont
tt0848228,James Eckhouse
tt0848228,Stan Lee
tt0848228,Pat Kiernan
tt0848228,Thomas Roberts
tt0848228,Damion Poitier
tt0848228,Davis Allsop
tt0848228,Hank Amos
tt0848228,Catherine Anderson
tt0848228,Ricardo Andres
tt0848228,Paulie Andrew
tt0848228,Logan Bennett
tt0848228,Mayank Bhatter
tt0848228,Sharita Bone
tt0848228,Jason Botsford
tt0848228,Stephen Bullard
tt0848228,Mary Kate Campbell
tt0848228,Kadrolsha Ona Carole
tt0848228,Max Cavenham
tt0848228,Gene N. Chavez
tt0848228,Dale Coffman
tt0848228,Suzie Coker
tt0848228,Layla Cushman
tt0848228,Robert Dean
tt0848228,Alex DeCourville
tt0848228,Rick Dremann
tt0848228,Mark Falvo
tt0848228,Keith Fausnaught
tt0848228,John Fecek
tt0848228,Lorena Fernández
tt0848228,Lou Ferrigno
tt0848228,Rod Fielder
tt0848228,Dezaré Foster
tt0848228,Eric Frank
tt0848228,Mariah E. Garcia
tt0848228,Richard Garcia
tt0848228,Jorge J. González
tt0848228,Tina Grimm
tt0848228,Israel Hall
tt0848228,B.J. Halsall
tt0848228,Carmen Dee Harris
tt0848228,Josh Heileman
tt0848228,Dominique Henderson
tt0848228,Hannah Henriques
tt0848228,Moe Hindi
tt0848228,Michael Huante
tt0848228,Alexander Christopher Jones
tt0848228,Mike Karban
tt0848228,Tanzeel Kayani
tt0848228,Carrie Kelley
tt0848228,Patrick Kellums
tt0848228,Great Kim
tt0848228,Demoine Kinney
tt0848228,Sean Kleefeld
tt0848228,Evan Kole
tt0848228,Annette Lawless
tt0848228,Brandon Matthew Layne
tt0848228,Scott Ligon
tt0848228,Kimberly J. Mahoney
tt0848228,Todd Manes
tt0848228,David L. Marston
tt0848228,Tiffany Sander McKenzie
tt0848228,David Michael McMillan
tt0848228,Sean Meehan
tt0848228,Jillian Morgese
tt0848228,Alexandria Morrow
tt0848228,Chuck Morsher
tt0848228,Joti Nagra
tt0848228,Holly Neelie
tt0848228,Caleb Daniel Noal
tt0848228,Donn R. Nottage
tt0848228,Joseph O'Brien
tt0848228,Andrea-Nichole Olivas
tt0848228,Jeremy Orr
tt0848228,Nate Paige
tt0848228,Martin Palmer
tt0848228,Francisco Peramos
tt0848228,Maria Perossa
tt0848228,Roger Petan
tt0848228,Caleb Pieplow
tt0848228,Daniel Pimentel
tt0848228,Frank Powers
tt0848228,Jaime Powers
tt0848228,Brent Reichert
tt0848228,Darwin Reina
tt0848228,Kelly Ruble
tt0848228,Gina Sarno
tt0848228,Debbie Scaletta
tt0848228,Robert B. Schneider IV
tt0848228,Shaun V. Scott
tt0848228,Jeff Seich
tt0848228,Christina Shaffer
tt0848228,Alonda Shevette
tt0848228,Douglas Slygh
tt0848228,Jimmy Star
tt0848228,Colin Strause
tt0848228,Robert P. Thitoff
tt0848228,George Thomas
tt0848228,Shane Thompson
tt0848228,JT Tomangi
tt0848228,Jerry Lee Tucker
tt0848228,Tai Urban
tt0848228,Chris Vaina
tt0848228,Sandra Weston
tt0848228,Jasmine With
tt0848228,Jacob Francis Worrall
tt0848228,Chase Ziegler
tt0848228,Seth Zielicke
